annotator_id,order_index,sample_id,is_anchor
P3-01,0,iemocap_Ses05F_impro04_F001,0
P3-01,1,mosi_dq3Nf_lMPnE_11,0
P3-01,2,iemocap_Ses04M_impro02_F026,0
P3-01,3,meld_dia143_utt3,0
P3-01,4,iemocap_Ses02M_script01_1_M025,0
P3-01,5,iemocap_Ses01F_impro01_M013,0
P3-01,6,mosi_aiEXnCPZubE_19,0
P3-01,7,mosi_BXuRRbG0Ugk_31,0
P3-01,8,chsims_video_0023_0028,1
P3-01,9,iemocap_Ses02F_script02_1_M006,0
P3-01,10,meld_dia430_utt2,0
P3-01,11,mosi_OtBXNcAL_lE_22,0
P3-01,12,chsims_video_0002_0009,1
P3-01,13,mustard_1_5880,0
P3-01,14,chsims_video_0029_0016,0
P3-01,15,iemocap_Ses01F_script03_2_M003,0
P3-01,16,meld_dia717_utt4,1
P3-01,17,meld_dia342_utt2,0
P3-01,18,meld_dia645_utt6,1
P3-01,19,meld_dia249_utt11,0
P3-01,20,iemocap_Ses03M_script01_3_M010,1
P3-01,21,chsims_aqgy5_0012_00020,0
P3-01,22,chsims_aqgy5_0030_00004,0
P3-01,23,mosi_yvsjCA6Y5Fc_19,0
P3-01,24,meld_dia155_utt8,1
P3-01,25,meld_dia317_utt1,1
P3-01,26,meld_dia798_utt5,0
P3-01,27,iemocap_Ses04F_impro05_F003,0
P3-01,28,iemocap_Ses04F_script02_1_F002,1
P3-01,29,chsims_video_0018_0007,0
P3-01,30,mosi_d6hH302o4v8_42,0
P3-01,31,mosi_Oz06ZWiO20M_23,0
P3-01,32,iemocap_Ses02F_script01_2_F012,0
P3-01,33,mustard_1_5679,0
P3-01,34,chsims_aqgy5_0007_00032,0
P3-01,35,chsims_aqgy5_0017_00023,0
P3-01,36,meld_dia918_utt6,0
P3-01,37,mosi_Clx4VXItLTE_3,0
P3-01,38,iemocap_Ses05M_script03_1_M021,1
P3-01,39,meld_dia548_utt3,0
P3-01,40,meld_dia936_utt12,0
P3-01,41,iemocap_Ses02M_script01_3_M009,0
P3-01,42,iemocap_Ses01M_script03_2_M031,0
P3-01,43,chsims_video_0040_0027,0
P3-01,44,meld_dia236_utt7,0
P3-01,45,chsims_video_0060_0009,0
P3-01,46,iemocap_Ses04F_script01_1_F038,0
P3-01,47,chsims_aqgy5_0009_00037,0
P3-01,48,chsims_aqgy3_0001_00020,0
P3-01,49,iemocap_Ses01F_script02_1_F018,0
P3-01,50,mustard_1_971,0
P3-01,51,meld_dia111_utt5,0
P3-01,52,iemocap_Ses02M_script02_2_M014,0
P3-01,53,chsims_aqgy3_0008_00014,0
P3-01,54,iemocap_Ses02F_impro04_F006,0
P3-01,55,chsims_video_0054_0128,0
P3-01,56,mosi_HEsqda8_d0Q_23,0
P3-01,57,mustard_2_242,1
P3-01,58,meld_dia93_utt0,0
P3-01,59,mustard_1_3660,0
P3-01,60,iemocap_Ses02F_script02_1_M039,0
P3-01,61,iemocap_Ses02F_impro01_F017,0
P3-01,62,mustard_2_541,0
P3-01,63,iemocap_Ses03M_impro05a_M017,0
P3-01,64,meld_dia983_utt5,1
P3-01,65,chsims_video_0047_0060,0
P3-01,66,iemocap_Ses04M_impro01_M021,0
P3-01,67,chsims_video_0053_0009,0
P3-01,68,iemocap_Ses02M_impro01_M014,0
P3-01,69,meld_dia241_utt8,0
P3-01,70,mosi_Sqr0AcuoNnk_1,0
P3-01,71,iemocap_Ses02M_impro08_M002,0
P3-01,72,iemocap_Ses03M_script03_2_F043,0
P3-01,73,meld_dia193_utt5,0
P3-01,74,meld_dia896_utt1,0
P3-01,75,iemocap_Ses01M_script02_2_F018,0
P3-01,76,iemocap_Ses04M_impro04_F016,0
P3-01,77,meld_dia120_utt0,0
P3-01,78,iemocap_Ses03F_script03_1_F022,0
P3-01,79,meld_dia919_utt0,0
P3-01,80,iemocap_Ses02F_impro08_M001,0
P3-01,81,chsims_aqgy5_0018_00001,0
P3-01,82,chsims_video_0006_0001,0
P3-01,83,iemocap_Ses04M_script02_2_M025,0
P3-01,84,meld_dia274_utt0,0
P3-01,85,chsims_video_0041_0018,0
P3-01,86,meld_dia931_utt1,0
P3-01,87,meld_dia1025_utt6,0
P3-01,88,iemocap_Ses03M_impro03_F004,1
P3-01,89,iemocap_Ses03F_script02_2_F012,0
P3-01,90,iemocap_Ses03F_script02_2_F015,0
P3-01,91,chsims_aqgy4_0008_00039,0
P3-01,92,meld_dia328_utt4,0
P3-01,93,meld_dia649_utt15,0
P3-01,94,chsims_video_0023_0057,0
P3-01,95,meld_dia223_utt5,0
P3-01,96,chsims_video_0024_0014,0
P3-01,97,meld_dia6_utt10,0
P3-01,98,chsims_aqgy4_0009_00006,0
P3-01,99,meld_dia322_utt0,0
P3-01,100,chsims_video_xjzw_00060,0
P3-01,101,iemocap_Ses01F_script02_2_F016,0
P3-01,102,iemocap_Ses05F_script01_3_F019,0
P3-01,103,iemocap_Ses03M_script01_1_F034,0
P3-01,104,iemocap_Ses01F_impro05_F016,0
P3-01,105,meld_dia329_utt4,0
P3-01,106,chsims_video_0031_0006,0
P3-01,107,chsims_video_0024_0073,0
P3-01,108,mosi_Vj1wYRQjB-o_8,0
P3-01,109,meld_dia66_utt9,0
P3-01,110,chsims_aqgy4_0001_00022,0
P3-01,111,chsims_aqgy5_0006_00007,0
P3-01,112,meld_dia524_utt11,0
P3-01,113,mosi_BvYR0L6f2Ig_7,1
P3-01,114,chsims_aqgy5_0011_00024,0
P3-01,115,iemocap_Ses04M_script02_2_F029,0
P3-01,116,chsims_aqgy4_0018_00009,0
P3-01,117,iemocap_Ses02F_script01_1_M037,0
P3-01,118,iemocap_Ses05F_impro05_F017,1
P3-01,119,chsims_aqgy5_0019_00008,0
P3-01,120,mosi_f_pcplsH_V0_5,0
P3-01,121,chsims_aqgy5_0018_00003,0
P3-01,122,iemocap_Ses02M_script01_1_M008,1
P3-01,123,mosi_G-xst2euQUc_14,1
P3-01,124,iemocap_Ses01F_impro05_F011,0
P3-01,125,chsims_csbgs2_0001_00029,0
P3-01,126,meld_dia346_utt1,1
P3-01,127,meld_dia121_utt0,0
P3-01,128,mosi_atnd_PF-Lbs_15,0
P3-01,129,chsims_aqgy5_0031_00050,0
P3-01,130,meld_dia1012_utt11,0
P3-01,131,mosi_zhpQhgha_KU_13,0
P3-01,132,meld_dia584_utt0,0
P3-01,133,meld_dia54_utt16,1
P3-01,134,meld_dia412_utt12,1
P3-01,135,mosi_aiEXnCPZubE_14,0
P3-01,136,meld_dia3_utt0,1
P3-01,137,iemocap_Ses01F_impro07_F003,1
P3-01,138,mosi_jUzDDGyPkXU_5,0
P3-01,139,mustard_1_427,0
P3-01,140,chsims_video_0051_0029,0
P3-01,141,iemocap_Ses03F_script02_2_F047,0
P3-01,142,iemocap_Ses05M_impro04_M008,0
P3-01,143,meld_dia345_utt3,0
P3-01,144,iemocap_Ses03M_impro07_M003,0
P3-01,145,chsims_video_0006_0007,1
P3-01,146,iemocap_Ses03F_impro02_F039,0
P3-01,147,mosi_c7UH_rxdZv4_13,0
P3-01,148,meld_dia945_utt4,0
P3-01,149,chsims_video_0035_0013,0
P3-01,150,meld_dia439_utt0,0
P3-01,151,chsims_aqgy5_0024_00012,0
P3-01,152,meld_dia285_utt5,0
P3-01,153,mosi_yvsjCA6Y5Fc_18,0
P3-01,154,meld_dia275_utt11,0
P3-01,155,iemocap_Ses02F_script01_1_F017,1
P3-01,156,meld_dia404_utt9,1
P3-01,157,meld_dia888_utt4,0
P3-01,158,meld_dia11_utt9,0
P3-01,159,chsims_aqgy4_0001_00051,0
P3-01,160,iemocap_Ses01F_impro06_F006,0
P3-01,161,meld_dia936_utt7,0
P3-01,162,meld_dia199_utt5,1
P3-01,163,mosi_9qR7uwkblbs_27,0
P3-01,164,iemocap_Ses05M_script01_1_M022,0
P3-01,165,meld_dia374_utt8,0
P3-01,166,meld_dia515_utt2,0
P3-01,167,chsims_video_0009_0035,1
P3-01,168,meld_dia451_utt1,0
P3-01,169,chsims_aqgy5_0010_00025,0
P3-01,170,chsims_test5_00001,0
P3-01,171,mustard_2_392,0
P3-01,172,mosi_cW1FSBF59ik_11,0
P3-01,173,mustard_2_409,0
P3-01,174,mosi_tmZoasNr4rU_7,1
P3-01,175,mosi_vyB00TXsimI_2,0
P3-01,176,chsims_video_0051_0032,0
P3-01,177,meld_dia791_utt7,0
P3-01,178,meld_dia109_utt8,0
P3-01,179,chsims_video_0008_0002,0
P3-01,180,mosi_VbQk4H8hgr0_1,1
P3-01,181,meld_dia918_utt8,0
P3-01,182,meld_dia33_utt0,0
P3-01,183,mustard_1_4544,1
P3-01,184,iemocap_Ses05M_script03_1_M015,0
P3-01,185,mosi_8qrpnFRGt2A_5,1
P3-01,186,chsims_aqgy5_0012_00005,0
P3-02,0,chsims_test14_00005,0
P3-02,1,mustard_2_114,0
P3-02,2,chsims_video_0059_0015,0
P3-02,3,iemocap_Ses02F_script02_2_M018,0
P3-02,4,chsims_aqgy5_0002_00011,0
P3-02,5,iemocap_Ses02M_impro03_F008,0
P3-02,6,iemocap_Ses05M_impro02_M019,0
P3-02,7,chsims_video_0032_0023,0
P3-02,8,chsims_aqgy5_0005_00002,0
P3-02,9,meld_dia468_utt1,0
P3-02,10,mustard_1_8042,0
P3-02,11,iemocap_Ses04F_impro02_F019,0
P3-02,12,iemocap_Ses03M_impro04_F012,0
P3-02,13,meld_dia425_utt0,0
P3-02,14,mosi_yvsjCA6Y5Fc_13,1
P3-02,15,mustard_1_467,1
P3-02,16,chsims_aqgy5_0017_00020,0
P3-02,17,iemocap_Ses03M_impro08a_F031,0
P3-02,18,mosi_etzxEpPuc6I_3,0
P3-02,19,chsims_aqgy5_0020_00022,0
P3-02,20,meld_dia445_utt0,0
P3-02,21,mosi_2WGyTLYerpo_18,0
P3-02,22,meld_dia664_utt1,1
P3-02,23,mosi_bvLlb-M3UXU_18,0
P3-02,24,iemocap_Ses03M_impro08a_F021,0
P3-02,25,chsims_video_0055_0029,0
P3-02,26,meld_dia622_utt5,0
P3-02,27,meld_dia455_utt14,0
P3-02,28,meld_dia541_utt14,1
P3-02,29,meld_dia1029_utt7,0
P3-02,30,iemocap_Ses05M_script01_3_M011,0
P3-02,31,iemocap_Ses05M_impro02_M020,0
P3-02,32,meld_dia649_utt6,0
P3-02,33,mosi_X3j2zQgwYgE_10,1
P3-02,34,meld_dia504_utt5,0
P3-02,35,chsims_aqgy3_0008_00001,0
P3-02,36,meld_dia361_utt3,0
P3-02,37,mosi_Clx4VXItLTE_18,0
P3-02,38,mosi_7JsX8y1ysxY_2,1
P3-02,39,mosi_tIrG4oNLFzE_16,1
P3-02,40,mustard_1_8185,0
P3-02,41,meld_dia546_utt1,0
P3-02,42,chsims_video_0060_0006,0
P3-02,43,mosi_vvZ4IcEtiZc_10,0
P3-02,44,iemocap_Ses04M_script01_3_F013,0
P3-02,45,iemocap_Ses03F_impro06_F033,0
P3-02,46,iemocap_Ses03F_script01_3_M022,1
P3-02,47,chsims_video_0009_0018,0
P3-02,48,meld_dia851_utt13,0
P3-02,49,chsims_aqgy5_0024_00016,0
P3-02,50,chsims_video_0054_0161,0
P3-02,51,mosi_VCslbP0mgZI_14,0
P3-02,52,chsims_video_0002_0019,0
P3-02,53,chsims_aqgy5_0027_00027,0
P3-02,54,iemocap_Ses02F_script02_1_F004,0
P3-02,55,iemocap_Ses03M_impro01_F007,1
P3-02,56,iemocap_Ses03M_impro01_F001,0
P3-02,57,mustard_1_7641,1
P3-02,58,chsims_video_0046_0023,0
P3-02,59,chsims_video_0038_0042,0
P3-02,60,iemocap_Ses05M_impro05_F017,0
P3-02,61,chsims_video_0056_0065,1
P3-02,62,chsims_aqgy5_0004_00015,0
P3-02,63,mustard_1_5211,0
P3-02,64,mustard_1_3766,0
P3-02,65,iemocap_Ses01M_impro04_M003,0
P3-02,66,iemocap_Ses03M_script01_2_F016,0
P3-02,67,iemocap_Ses03M_impro01_F019,0
P3-02,68,meld_dia791_utt19,1
P3-02,69,chsims_video_0040_0031,0
P3-02,70,mosi_zhpQhgha_KU_3,1
P3-02,71,iemocap_Ses03M_script02_2_F019,0
P3-02,72,chsims_aqgy5_0036_00005,0
P3-02,73,meld_dia844_utt20,0
P3-02,74,meld_dia49_utt2,0
P3-02,75,meld_dia513_utt3,0
P3-02,76,iemocap_Ses03M_impro04_F028,0
P3-02,77,chsims_video_0024_0075,0
P3-02,78,chsims_video_xjzw_00072,0
P3-02,79,mosi_Dg_0XKD0Mf4_14,0
P3-02,80,iemocap_Ses01M_script01_1_F031,0
P3-02,81,iemocap_Ses05F_script03_2_M013,1
P3-02,82,mosi_yvsjCA6Y5Fc_3,0
P3-02,83,iemocap_Ses01F_impro04_F030,0
P3-02,84,iemocap_Ses01M_impro07_F007,0
P3-02,85,chsims_test5_00014,0
P3-02,86,iemocap_Ses03M_impro02_F028,0
P3-02,87,mosi_cW1FSBF59ik_15,0
P3-02,88,mosi_nzpVDcQ0ywM_19,0
P3-02,89,meld_dia226_utt13,0
P3-02,90,mosi_zhpQhgha_KU_5,0
P3-02,91,chsims_aqgy3_0001_00017,0
P3-02,92,chsims_video_0055_0023,0
P3-02,93,mosi_dq3Nf_lMPnE_14,0
P3-02,94,meld_dia233_utt0,0
P3-02,95,chsims_video_0047_0089,0
P3-02,96,iemocap_Ses03F_script01_1_F007,0
P3-02,97,iemocap_Ses04M_impro05_M041,1
P3-02,98,meld_dia119_utt8,1
P3-02,99,iemocap_Ses02F_impro01_M022,0
P3-02,100,meld_dia873_utt5,0
P3-02,101,iemocap_Ses01M_script03_2_F014,0
P3-02,102,iemocap_Ses01M_impro03_F023,0
P3-02,103,mustard_1_11901,0
P3-02,104,chsims_video_0010_0035,0
P3-02,105,iemocap_Ses02F_impro04_F001,1
P3-02,106,mosi_cXypl4FnoZo_4,0
P3-02,107,chsims_aqgy5_0032_00017,0
P3-02,108,meld_dia962_utt2,0
P3-02,109,mosi_yvsjCA6Y5Fc_1,0
P3-02,110,mosi_cW1FSBF59ik_23,1
P3-02,111,chsims_video_0025_0010,1
P3-02,112,chsims_video_0023_0028,1
P3-02,113,chsims_video_0041_0030,0
P3-02,114,chsims_video_0027_0024,1
P3-02,115,chsims_video_0047_0038,0
P3-02,116,mosi_Sqr0AcuoNnk_6,1
P3-02,117,mosi_c5xsKMxpXnc_10,0
P3-02,118,chsims_video_0043_0021,1
P3-02,119,iemocap_Ses05F_script03_1_F026,0
P3-02,120,meld_dia836_utt2,0
P3-02,121,mosi_Bfr499ggo-0_20,0
P3-02,122,meld_dia246_utt0,0
P3-02,123,mosi_d6hH302o4v8_29,0
P3-02,124,mustard_1_12331,0
P3-02,125,iemocap_Ses03M_impro06_M010,0
P3-02,126,iemocap_Ses02M_script03_1_F026,1
P3-02,127,meld_dia251_utt5,0
P3-02,128,chsims_video_0003_0006,0
P3-02,129,mosi_aiEXnCPZubE_16,0
P3-02,130,iemocap_Ses05F_script03_1_F031,0
P3-02,131,iemocap_Ses01F_script01_1_M036,0
P3-02,132,iemocap_Ses03F_script01_3_M038,0
P3-02,133,chsims_aqgy5_0015_00011,0
P3-02,134,chsims_video_0056_0078,1
P3-02,135,iemocap_Ses01F_script03_1_M015,0
P3-02,136,chsims_test2_00006,0
P3-02,137,iemocap_Ses02M_impro03_M017,1
P3-02,138,iemocap_Ses02M_script01_1_M040,0
P3-02,139,meld_dia827_utt14,1
P3-02,140,mosi_1iG0909rllw_20,1
P3-02,141,meld_dia855_utt3,0
P3-02,142,chsims_video_0025_0036,0
P3-02,143,chsims_video_0025_0026,0
P3-02,144,chsims_video_0016_0039,0
P3-02,145,meld_dia54_utt1,0
P3-02,146,chsims_video_0046_0064,0
P3-02,147,meld_dia574_utt8,0
P3-02,148,iemocap_Ses02M_script03_2_M003,0
P3-02,149,meld_dia629_utt7,0
P3-02,150,iemocap_Ses02M_script01_2_M018,0
P3-02,151,mosi_lXPQBPVc5Cw_3,0
P3-02,152,meld_dia114_utt4,0
P3-02,153,iemocap_Ses04F_script03_2_F029,0
P3-02,154,meld_dia358_utt15,0
P3-02,155,chsims_video_0013_0033,0
P3-02,156,mustard_1_11098,1
P3-02,157,mosi_LSi-o-IrDMs_11,0
P3-02,158,mosi_iiK8YX8oH1E_15,0
P3-02,159,mosi_HEsqda8_d0Q_4,0
P3-02,160,mosi_0h-zjBukYpk_6,0
P3-02,161,meld_dia226_utt19,0
P3-02,162,mosi_Jkswaaud0hk_10,0
P3-02,163,iemocap_Ses02F_script02_2_F002,0
P3-02,164,meld_dia819_utt6,0
P3-02,165,iemocap_Ses04M_impro05_F029,0
P3-02,166,iemocap_Ses04M_script02_2_F031,0
P3-02,167,mosi_8qrpnFRGt2A_12,0
P3-02,168,meld_dia333_utt2,0
P3-02,169,chsims_aqgy5_0007_00020,0
P3-02,170,iemocap_Ses02M_script03_2_M012,0
P3-02,171,mosi_wMbj6ajWbic_16,0
P3-02,172,meld_dia707_utt14,0
P3-02,173,chsims_aqgy4_0017_00005,0
P3-02,174,iemocap_Ses02M_impro04_M019,0
P3-02,175,meld_dia464_utt5,0
P3-02,176,chsims_video_0060_0012,0
P3-02,177,mustard_2_377,1
P3-02,178,chsims_video_0013_0025,0
P3-02,179,chsims_aqgy5_0007_00040,0
P3-02,180,iemocap_Ses04F_script03_2_F035,0
P3-02,181,iemocap_Ses02F_script01_1_F043,0
P3-02,182,iemocap_Ses01M_impro05_M023,0
P3-02,183,iemocap_Ses05F_impro04_M020,0
P3-02,184,chsims_aqgy5_0007_00019,0
P3-02,185,meld_dia681_utt4,0
P3-02,186,chsims_video_0048_0026,0
P3-03,0,chsims_aqgy5_0013_00025,0
P3-03,1,meld_dia907_utt4,1
P3-03,2,mustard_1_1678,0
P3-03,3,chsims_aqgy5_0033_00014,0
P3-03,4,meld_dia82_utt10,0
P3-03,5,meld_dia762_utt2,0
P3-03,6,chsims_video_0005_0007,0
P3-03,7,iemocap_Ses03F_script01_1_F034,0
P3-03,8,iemocap_Ses02F_script02_1_M021,0
P3-03,9,mosi_ob23OKe5a9Q_5,0
P3-03,10,iemocap_Ses04M_script02_2_F008,1
P3-03,11,iemocap_Ses03F_script01_1_F028,0
P3-03,12,chsims_video_0055_0014,0
P3-03,13,mustard_2_617,0
P3-03,14,chsims_video_0027_0027,0
P3-03,15,chsims_aqgy5_0007_00027,0
P3-03,16,chsims_video_0048_0021,0
P3-03,17,mustard_2_15,1
P3-03,18,meld_dia778_utt9,0
P3-03,19,chsims_aqgy5_0020_00004,0
P3-03,20,meld_dia628_utt11,0
P3-03,21,mustard_1_10853,0
P3-03,22,meld_dia516_utt4,0
P3-03,23,mustard_1_5919,0
P3-03,24,mustard_1_5627,1
P3-03,25,mosi_9qR7uwkblbs_24,0
P3-03,26,iemocap_Ses04M_impro08_M000,0
P3-03,27,iemocap_Ses05F_impro03_M064,1
P3-03,28,mosi_f9O3YtZ2VfI_13,0
P3-03,29,meld_dia571_utt13,0
P3-03,30,iemocap_Ses05F_impro07_F022,0
P3-03,31,meld_dia623_utt2,1
P3-03,32,chsims_video_0053_0012,0
P3-03,33,mustard_2_172,0
P3-03,34,meld_dia367_utt4,0
P3-03,35,chsims_video_0024_0089,0
P3-03,36,meld_dia214_utt2,0
P3-03,37,mosi_cW1FSBF59ik_12,0
P3-03,38,chsims_aqgy3_0002_00003,0
P3-03,39,chsims_aqgy3_0005_00019,0
P3-03,40,meld_dia175_utt11,0
P3-03,41,iemocap_Ses05F_script01_3_M009,0
P3-03,42,meld_dia358_utt13,0
P3-03,43,chsims_test11_00011,0
P3-03,44,mustard_1_8407,0
P3-03,45,chsims_test13_00003,0
P3-03,46,iemocap_Ses05M_script01_1_F029,1
P3-03,47,mosi_cW1FSBF59ik_18,0
P3-03,48,mustard_1_8159,0
P3-03,49,chsims_video_0055_0034,0
P3-03,50,chsims_aqgy4_0001_00061,0
P3-03,51,mosi_tIrG4oNLFzE_13,0
P3-03,52,iemocap_Ses05M_impro02_F018,1
P3-03,53,mosi_X3j2zQgwYgE_5,0
P3-03,54,meld_dia463_utt6,0
P3-03,55,iemocap_Ses04M_script02_2_F000,0
P3-03,56,meld_dia614_utt5,1
P3-03,57,iemocap_Ses04M_script01_2_M017,0
P3-03,58,meld_dia950_utt4,0
P3-03,59,chsims_aqgy4_0015_00002,0
P3-03,60,chsims_video_0038_0016,0
P3-03,61,iemocap_Ses03F_impro05_F008,0
P3-03,62,meld_dia992_utt13,0
P3-03,63,mosi_VbQk4H8hgr0_1,1
P3-03,64,iemocap_Ses05M_impro04_M011,0
P3-03,65,iemocap_Ses04M_script02_2_M028,0
P3-03,66,chsims_aqgy5_0008_00019,0
P3-03,67,chsims_video_0024_0010,0
P3-03,68,meld_dia279_utt15,0
P3-03,69,meld_dia740_utt3,0
P3-03,70,mustard_1_6165,1
P3-03,71,meld_dia923_utt2,0
P3-03,72,chsims_test5_00013,0
P3-03,73,iemocap_Ses01F_script02_2_F003,0
P3-03,74,iemocap_Ses02M_impro05_M001,0
P3-03,75,iemocap_Ses02M_impro01_M016,0
P3-03,76,mosi_5W7Z1C_fDaE_12,0
P3-03,77,iemocap_Ses02M_script03_2_F012,0
P3-03,78,iemocap_Ses02F_script03_2_F013,0
P3-03,79,chsims_aqgy4_0012_00002,0
P3-03,80,iemocap_Ses03F_impro02_F016,0
P3-03,81,iemocap_Ses03M_impro08b_M002,0
P3-03,82,meld_dia733_utt12,1
P3-03,83,iemocap_Ses04F_script01_3_F014,0
P3-03,84,chsims_aqgy5_0028_00017,0
P3-03,85,meld_dia367_utt14,1
P3-03,86,iemocap_Ses03M_impro08b_F011,0
P3-03,87,iemocap_Ses05F_impro06_F009,0
P3-03,88,iemocap_Ses05M_script03_2_M003,0
P3-03,89,iemocap_Ses03F_script02_2_M030,0
P3-03,90,iemocap_Ses03F_script01_1_F048,0
P3-03,91,mosi_phBUpBr1hSo_15,0
P3-03,92,mosi_d6hH302o4v8_35,0
P3-03,93,chsims_aqgy5_0008_00025,1
P3-03,94,meld_dia383_utt8,0
P3-03,95,mustard_1_8827,1
P3-03,96,chsims_video_0039_0008,0
P3-03,97,iemocap_Ses02M_script01_2_F011,0
P3-03,98,meld_dia560_utt6,0
P3-03,99,iemocap_Ses04M_script01_1_F038,0
P3-03,100,meld_dia597_utt10,0
P3-03,101,chsims_aqgy4_0008_00026,0
P3-03,102,meld_dia772_utt1,0
P3-03,103,chsims_aqgy4_0008_00011,0
P3-03,104,iemocap_Ses02M_impro05_F013,1
P3-03,105,iemocap_Ses05F_script01_3_M019,1
P3-03,106,mosi_I5y0__X72p0_13,1
P3-03,107,mosi_wMbj6ajWbic_10,0
P3-03,108,mustard_2_461,0
P3-03,109,chsims_aqgy5_0010_00017,0
P3-03,110,meld_dia794_utt10,0
P3-03,111,chsims_csbgs2_0002_00008,0
P3-03,112,mustard_1_1732,0
P3-03,113,meld_dia665_utt18,0
P3-03,114,chsims_aqgy4_0001_00013,0
P3-03,115,chsims_aqgy5_0007_00025,0
P3-03,116,meld_dia595_utt5,0
P3-03,117,chsims_video_0002_0009,1
P3-03,118,chsims_aqgy5_0030_00003,0
P3-03,119,mosi_atnd_PF-Lbs_3,0
P3-03,120,meld_dia154_utt7,0
P3-03,121,chsims_aqgy4_0018_00001,1
P3-03,122,mosi_lXPQBPVc5Cw_6,0
P3-03,123,iemocap_Ses05F_script03_1_M013,0
P3-03,124,mosi_zhpQhgha_KU_26,0
P3-03,125,mosi_9T9Hf74oK10_1,0
P3-03,126,chsims_video_0016_0005,1
P3-03,127,chsims_video_0048_0002,1
P3-03,128,iemocap_Ses02M_script02_2_F011,0
P3-03,129,meld_dia541_utt7,0
P3-03,130,mustard_1_1189,1
P3-03,131,chsims_aqgy5_0033_00022,0
P3-03,132,meld_dia336_utt10,0
P3-03,133,chsims_aqgy5_0015_00022,0
P3-03,134,chsims_video_0041_0002,0
P3-03,135,chsims_video_0012_0015,0
P3-03,136,iemocap_Ses05F_impro05_M043,0
P3-03,137,meld_dia176_utt2,0
P3-03,138,iemocap_Ses03M_impro03_M005,1
P3-03,139,iemocap_Ses02F_impro02_F009,0
P3-03,140,meld_dia792_utt3,0
P3-03,141,mosi_d6hH302o4v8_7,0
P3-03,142,iemocap_Ses05F_script01_2_F010,0
P3-03,143,chsims_aqgy5_0021_00016,1
P3-03,144,mosi_03bSnISJMiM_11,0
P3-03,145,chsims_aqgy4_0011_00011,0
P3-03,146,chsims_aqgy5_0028_00021,0
P3-03,147,mosi_k5Y_838nuGo_27,0
P3-03,148,meld_dia49_utt14,0
P3-03,149,mosi_pLTX3ipuDJI_15,0
P3-03,150,mosi_LSi-o-IrDMs_6,0
P3-03,151,mosi_yvsjCA6Y5Fc_8,0
P3-03,152,meld_dia622_utt4,0
P3-03,153,mosi_W8NXH0Djyww_21,0
P3-03,154,chsims_video_0016_0014,0
P3-03,155,iemocap_Ses05M_script02_2_F005,1
P3-03,156,chsims_video_0011_0031,0
P3-03,157,chsims_video_0046_0054,0
P3-03,158,iemocap_Ses04M_impro01_M013,1
P3-03,159,chsims_video_0022_0021,0
P3-03,160,chsims_video_0029_0019,0
P3-03,161,mosi_cM3Yna7AavY_6,0
P3-03,162,mosi_c5xsKMxpXnc_13,0
P3-03,163,iemocap_Ses03M_script02_2_F043,0
P3-03,164,meld_dia434_utt10,0
P3-03,165,chsims_video_0032_0007,0
P3-03,166,chsims_video_0045_0035,0
P3-03,167,iemocap_Ses05M_script03_1_M005,0
P3-03,168,chsims_video_0024_0021,0
P3-03,169,iemocap_Ses02F_impro03_M012,0
P3-03,170,iemocap_Ses04M_impro08_F007,0
P3-03,171,iemocap_Ses03M_script02_1_M002,1
P3-03,172,mosi_dq3Nf_lMPnE_5,0
P3-03,173,iemocap_Ses02F_script01_2_M002,0
P3-03,174,chsims_video_0001_0032,0
P3-03,175,iemocap_Ses01M_impro07_F005,0
P3-03,176,meld_dia520_utt2,0
P3-03,177,iemocap_Ses03F_impro08_F005,0
P3-03,178,mosi_VbQk4H8hgr0_5,0
P3-03,179,iemocap_Ses04M_impro04_M009,0
P3-03,180,meld_dia474_utt4,0
P3-03,181,iemocap_Ses02M_impro08_F007,0
P3-03,182,mustard_1_6032,0
P3-03,183,meld_dia560_utt5,0
P3-03,184,meld_dia119_utt8,1
P3-03,185,meld_dia155_utt8,1
P3-03,186,iemocap_Ses05F_impro08_M002,0
P3-04,0,chsims_video_0002_0029,0
P3-04,1,chsims_video_0023_0038,0
P3-04,2,meld_dia940_utt5,0
P3-04,3,iemocap_Ses01F_script03_1_F027,0
P3-04,4,mustard_1_10009,1
P3-04,5,meld_dia327_utt4,0
P3-04,6,mosi_TvyZBvOMOTc_8,1
P3-04,7,meld_dia382_utt2,0
P3-04,8,mustard_2_31,0
P3-04,9,iemocap_Ses03F_impro01_F005,0
P3-04,10,meld_dia651_utt10,0
P3-04,11,iemocap_Ses01F_impro07_M006,0
P3-04,12,meld_dia733_utt12,1
P3-04,13,chsims_aqgy5_0020_00017,0
P3-04,14,meld_dia661_utt7,0
P3-04,15,chsims_video_0006_0017,0
P3-04,16,iemocap_Ses05M_script03_1_M029,0
P3-04,17,meld_dia176_utt10,1
P3-04,18,iemocap_Ses03F_impro02_M030,0
P3-04,19,chsims_aqgy5_0020_00003,0
P3-04,20,iemocap_Ses02F_impro05_F008,0
P3-04,21,mosi_9J25DZhivz8_10,0
P3-04,22,chsims_video_0001_0015,0
P3-04,23,chsims_aqgy5_0013_00024,0
P3-04,24,chsims_video_0055_0022,0
P3-04,25,chsims_video_0046_0051,0
P3-04,26,mosi_Clx4VXItLTE_7,0
P3-04,27,iemocap_Ses02F_script03_2_F025,0
P3-04,28,mosi_OtBXNcAL_lE_16,0
P3-04,29,meld_dia601_utt3,0
P3-04,30,mosi_d6hH302o4v8_39,0
P3-04,31,mosi_G6GlGvlkxAQ_27,1
P3-04,32,chsims_video_xjzw_00043,1
P3-04,33,iemocap_Ses05M_script03_1_M021,1
P3-04,34,mustard_1_7641,1
P3-04,35,iemocap_Ses05F_script01_2_F014,0
P3-04,36,chsims_aqgy4_0003_00006,0
P3-04,37,mustard_2_567,0
P3-04,38,iemocap_Ses03M_script01_1_F031,0
P3-04,39,mosi_7JsX8y1ysxY_15,1
P3-04,40,iemocap_Ses01M_script01_1_F027,0
P3-04,41,mosi_X3j2zQgwYgE_9,0
P3-04,42,meld_dia46_utt9,1
P3-04,43,chsims_aqgy5_0011_00033,0
P3-04,44,mustard_2_377,1
P3-04,45,meld_dia976_utt9,0
P3-04,46,iemocap_Ses05F_script03_1_F021,0
P3-04,47,mosi_7JsX8y1ysxY_14,0
P3-04,48,iemocap_Ses04F_impro03_M043,1
P3-04,49,iemocap_Ses03M_script03_1_F028,0
P3-04,50,iemocap_Ses05F_script01_2_M016,0
P3-04,51,chsims_aqgy5_0007_00034,0
P3-04,52,iemocap_Ses03M_impro02_F023,0
P3-04,53,chsims_video_0043_0021,1
P3-04,54,meld_dia962_utt0,1
P3-04,55,mosi_lXPQBPVc5Cw_12,0
P3-04,56,chsims_csbgs2_0003_00010,0
P3-04,57,meld_dia909_utt6,0
P3-04,58,iemocap_Ses02F_impro05_F013,0
P3-04,59,chsims_video_0040_0038,0
P3-04,60,iemocap_Ses01F_impro01_F010,0
P3-04,61,iemocap_Ses04F_impro03_M024,0
P3-04,62,iemocap_Ses04F_impro08_M003,0
P3-04,63,chsims_test7_00000,0
P3-04,64,iemocap_Ses02F_script03_2_M006,0
P3-04,65,iemocap_Ses04M_script02_1_F018,0
P3-04,66,mosi_2WGyTLYerpo_56,1
P3-04,67,meld_dia12_utt2,0
P3-04,68,mosi_atnd_PF-Lbs_14,0
P3-04,69,mustard_1_2778,1
P3-04,70,mosi_73jzhE8R1TQ_5,0
P3-04,71,mosi_Nzq88NnDkEk_2,0
P3-04,72,mustard_1_5617,0
P3-04,73,mustard_2_450,0
P3-04,74,chsims_video_0014_0007,0
P3-04,75,chsims_video_0054_0063,1
P3-04,76,mosi_aiEXnCPZubE_24,0
P3-04,77,meld_dia395_utt3,0
P3-04,78,mosi_jUzDDGyPkXU_27,0
P3-04,79,chsims_video_0055_0007,1
P3-04,80,iemocap_Ses05F_script01_2_F006,0
P3-04,81,mosi_BioHAh1qJAQ_27,0
P3-04,82,meld_dia506_utt7,0
P3-04,83,mosi_etzxEpPuc6I_19,0
P3-04,84,chsims_video_0030_0030,0
P3-04,85,iemocap_Ses04F_impro03_F029,0
P3-04,86,chsims_video_0031_0023,0
P3-04,87,iemocap_Ses05M_script01_1b_M001,0
P3-04,88,iemocap_Ses02M_impro03_M014,0
P3-04,89,meld_dia125_utt0,0
P3-04,90,mustard_1_7445,1
P3-04,91,mosi_Clx4VXItLTE_9,0
P3-04,92,iemocap_Ses02M_impro02_F002,0
P3-04,93,chsims_video_0051_0057,0
P3-04,94,chsims_aqgy5_0013_00001,0
P3-04,95,meld_dia796_utt16,0
P3-04,96,mosi_dq3Nf_lMPnE_12,0
P3-04,97,iemocap_Ses03M_script01_1_M009,0
P3-04,98,iemocap_Ses02F_script02_2_F011,0
P3-04,99,iemocap_Ses04F_script01_1_F030,0
P3-04,100,iemocap_Ses03F_script03_1_F002,0
P3-04,101,meld_dia806_utt4,0
P3-04,102,iemocap_Ses03M_script03_2_F011,1
P3-04,103,meld_dia231_utt9,0
P3-04,104,chsims_video_0045_0002,0
P3-04,105,iemocap_Ses02F_script03_1_F002,0
P3-04,106,mustard_1_8045,0
P3-04,107,iemocap_Ses04M_impro02_F016,0
P3-04,108,iemocap_Ses04F_impro03_M003,0
P3-04,109,meld_dia918_utt7,0
P3-04,110,mosi_MLal-t_vJPM_14,0
P3-04,111,mustard_2_430,1
P3-04,112,chsims_video_0014_0015,0
P3-04,113,mustard_2_126,0
P3-04,114,iemocap_Ses05M_impro03_M019,0
P3-04,115,mosi_MLal-t_vJPM_13,0
P3-04,116,iemocap_Ses04F_script02_2_F002,0
P3-04,117,chsims_aqgy4_0006_00006,0
P3-04,118,chsims_video_0024_0093,0
P3-04,119,mustard_1_7575,0
P3-04,120,chsims_video_0011_0034,1
P3-04,121,meld_dia401_utt10,0
P3-04,122,chsims_video_0035_0014,1
P3-04,123,iemocap_Ses05F_script03_2_F021,0
P3-04,124,iemocap_Ses03M_impro02_M012,0
P3-04,125,mosi_Iu2PFX3z_1s_7,0
P3-04,126,mosi_Clx4VXItLTE_11,0
P3-04,127,chsims_aqgy3_0004_00023,0
P3-04,128,mustard_1_6426,0
P3-04,129,iemocap_Ses03M_impro03_F026,0
P3-04,130,mosi_8OtFthrtaJM_2,1
P3-04,131,meld_dia58_utt6,1
P3-04,132,chsims_video_0030_0014,0
P3-04,133,meld_dia665_utt2,0
P3-04,134,meld_dia911_utt4,1
P3-04,135,meld_dia1032_utt9,0
P3-04,136,chsims_aqgy5_0013_00017,0
P3-04,137,meld_dia938_utt8,0
P3-04,138,chsims_test11_00009,0
P3-04,139,mustard_1_7047,0
P3-04,140,mustard_1_1180,0
P3-04,141,meld_dia808_utt7,0
P3-04,142,mustard_2_190,0
P3-04,143,chsims_aqgy5_0008_00003,0
P3-04,144,iemocap_Ses01M_impro04_M008,0
P3-04,145,iemocap_Ses01M_script02_1_F003,0
P3-04,146,mosi_7JsX8y1ysxY_7,0
P3-04,147,chsims_test7_00004,0
P3-04,148,mustard_2_174,0
P3-04,149,chsims_aqgy4_0024_00010,0
P3-04,150,chsims_video_0054_0031,0
P3-04,151,meld_dia411_utt1,0
P3-04,152,chsims_aqgy5_0011_00016,0
P3-04,153,iemocap_Ses04F_script01_2_F021,0
P3-04,154,mustard_1_3649,0
P3-04,155,iemocap_Ses04M_script02_2_F006,0
P3-04,156,meld_dia803_utt6,0
P3-04,157,mustard_1_9972,0
P3-04,158,chsims_aqgy5_0036_00014,0
P3-04,159,meld_dia619_utt1,0
P3-04,160,iemocap_Ses02F_script02_2_F038,0
P3-04,161,chsims_aqgy5_0007_00030,0
P3-04,162,chsims_video_0048_0006,1
P3-04,163,chsims_video_0038_0022,0
P3-04,164,meld_dia592_utt11,0
P3-04,165,chsims_aqgy5_0008_00033,0
P3-04,166,meld_dia637_utt5,0
P3-04,167,iemocap_Ses02M_script02_1_M038,0
P3-04,168,chsims_aqgy3_0006_00008,0
P3-04,169,chsims_aqgy5_0024_00001,0
P3-04,170,chsims_video_0011_0033,0
P3-04,171,mustard_2_105,0
P3-04,172,chsims_aqgy4_0009_00014,0
P3-04,173,meld_dia54_utt16,1
P3-04,174,chsims_aqgy4_0009_00011,0
P3-04,175,meld_dia1005_utt15,0
P3-04,176,mustard_1_12202,1
P3-04,177,meld_dia655_utt15,0
P3-04,178,meld_dia199_utt5,1
P3-04,179,chsims_aqgy4_0001_00024,0
P3-04,180,meld_dia923_utt12,0
P3-04,181,mosi_jUzDDGyPkXU_7,0
P3-04,182,chsims_aqgy5_0006_00008,0
P3-04,183,mustard_2_421,0
P3-04,184,mosi_HEsqda8_d0Q_12,0
P3-04,185,mustard_2_163,0
P3-04,186,iemocap_Ses03F_script03_1_F027,0
P3-05,0,iemocap_Ses01M_script03_1_F013,0
P3-05,1,chsims_aqgy5_0016_00040,0
P3-05,2,iemocap_Ses04M_impro08_F018,0
P3-05,3,chsims_video_0045_0012,0
P3-05,4,iemocap_Ses02M_script03_1_M011,0
P3-05,5,mustard_2_246,0
P3-05,6,mustard_1_672,0
P3-05,7,meld_dia471_utt2,0
P3-05,8,meld_dia741_utt0,0
P3-05,9,mosi_VbQk4H8hgr0_19,0
P3-05,10,chsims_aqgy5_0031_00014,0
P3-05,11,chsims_test5_00003,1
P3-05,12,mosi_zhpQhgha_KU_9,0
P3-05,13,meld_dia187_utt3,0
P3-05,14,iemocap_Ses05F_impro05_F011,0
P3-05,15,chsims_video_0040_0051,0
P3-05,16,meld_dia41_utt4,0
P3-05,17,meld_dia615_utt10,0
P3-05,18,chsims_video_0053_0006,0
P3-05,19,meld_dia1027_utt6,0
P3-05,20,meld_dia172_utt6,0
P3-05,21,mosi_c7UH_rxdZv4_2,0
P3-05,22,meld_dia804_utt3,0
P3-05,23,chsims_video_0009_0040,0
P3-05,24,iemocap_Ses03M_impro08a_F024,0
P3-05,25,mosi_ZAIRrfG22O0_2,0
P3-05,26,chsims_aqgy5_0011_00025,0
P3-05,27,meld_dia76_utt5,0
P3-05,28,mosi_1iG0909rllw_24,1
P3-05,29,meld_dia921_utt9,0
P3-05,30,iemocap_Ses01M_script01_2_F008,0
P3-05,31,meld_dia331_utt3,0
P3-05,32,mosi_Af8D0E4ZXaw_29,0
P3-05,33,iemocap_Ses05M_impro02_F018,1
P3-05,34,meld_dia250_utt3,0
P3-05,35,meld_dia887_utt5,0
P3-05,36,meld_dia885_utt4,0
P3-05,37,iemocap_Ses03M_impro03_M015,0
P3-05,38,iemocap_Ses04M_script03_2_M054,0
P3-05,39,chsims_aqgy5_0008_00023,0
P3-05,40,iemocap_Ses04F_impro07_M009,0
P3-05,41,iemocap_Ses04M_impro02_F014,0
P3-05,42,meld_dia392_utt12,0
P3-05,43,mosi_I5y0__X72p0_13,1
P3-05,44,mosi_cXypl4FnoZo_7,0
P3-05,45,meld_dia851_utt14,0
P3-05,46,mosi_GWuJjcEuzt8_11,1
P3-05,47,mosi_I5y0__X72p0_34,0
P3-05,48,iemocap_Ses03M_impro07_M023,0
P3-05,49,chsims_video_0027_0047,0
P3-05,50,mustard_1_11697,0
P3-05,51,mosi_BioHAh1qJAQ_10,0
P3-05,52,chsims_video_0015_0036,0
P3-05,53,chsims_video_0026_0003,0
P3-05,54,iemocap_Ses05M_script01_1_M023,0
P3-05,55,chsims_aqgy5_0009_00032,0
P3-05,56,meld_dia455_utt8,0
P3-05,57,iemocap_Ses04F_script02_2_F033,0
P3-05,58,chsims_video_0021_0011,0
P3-05,59,mosi_G-xst2euQUc_3,0
P3-05,60,meld_dia202_utt13,0
P3-05,61,meld_dia747_utt16,0
P3-05,62,chsims_aqgy3_0005_00018,0
P3-05,63,chsims_video_0051_0028,0
P3-05,64,mustard_2_380,1
P3-05,65,chsims_aqgy4_0004_00014,1
P3-05,66,mosi_1iG0909rllw_20,1
P3-05,67,meld_dia94_utt8,0
P3-05,68,mosi_7JsX8y1ysxY_3,0
P3-05,69,mustard_2_248,0
P3-05,70,mosi_k5Y_838nuGo_5,1
P3-05,71,chsims_video_0053_0024,0
P3-05,72,iemocap_Ses05M_script03_1_M000,0
P3-05,73,meld_dia791_utt1,0
P3-05,74,chsims_video_0012_0046,0
P3-05,75,iemocap_Ses04M_impro05_F041,0
P3-05,76,iemocap_Ses02F_impro04_M015,0
P3-05,77,meld_dia81_utt3,0
P3-05,78,mosi_rnaNMUZpvvg_21,0
P3-05,79,iemocap_Ses05M_script02_2_M027,0
P3-05,80,chsims_video_0032_0015,0
P3-05,81,iemocap_Ses01M_impro07_M021,0
P3-05,82,chsims_video_0055_0015,0
P3-05,83,meld_dia658_utt10,0
P3-05,84,iemocap_Ses05M_script03_1_F020,0
P3-05,85,meld_dia54_utt10,0
P3-05,86,iemocap_Ses02M_script01_1_M034,0
P3-05,87,iemocap_Ses03M_script02_2_F007,0
P3-05,88,meld_dia379_utt1,0
P3-05,89,meld_dia170_utt9,0
P3-05,90,mosi_VbQk4H8hgr0_46,0
P3-05,91,mosi_atnd_PF-Lbs_5,0
P3-05,92,iemocap_Ses05M_impro01_F014,0
P3-05,93,chsims_video_0025_0049,0
P3-05,94,iemocap_Ses02F_impro03_F021,0
P3-05,95,chsims_video_0031_0015,0
P3-05,96,iemocap_Ses02F_impro04_F004,0
P3-05,97,meld_dia760_utt3,0
P3-05,98,chsims_aqgy4_0012_00052,0
P3-05,99,meld_dia441_utt8,0
P3-05,100,chsims_aqgy3_0007_00001,0
P3-05,101,meld_dia148_utt7,1
P3-05,102,chsims_aqgy5_0007_00014,0
P3-05,103,chsims_video_0051_0023,0
P3-05,104,chsims_video_0024_0097,0
P3-05,105,iemocap_Ses02M_impro03_M017,1
P3-05,106,meld_dia111_utt13,0
P3-05,107,iemocap_Ses01M_script02_2_F013,0
P3-05,108,iemocap_Ses05F_impro02_M034,1
P3-05,109,mosi_2iD-tVS8NPw_27,1
P3-05,110,chsims_video_0023_0064,1
P3-05,111,mustard_1_5751,0
P3-05,112,meld_dia91_utt0,0
P3-05,113,meld_dia791_utt11,0
P3-05,114,iemocap_Ses05M_script01_3_M030,0
P3-05,115,chsims_aqgy3_0004_00000,0
P3-05,116,mosi_Oz06ZWiO20M_2,0
P3-05,117,chsims_video_0012_0027,1
P3-05,118,mosi_cW1FSBF59ik_1,0
P3-05,119,chsims_video_0027_0018,0
P3-05,120,chsims_video_0024_0085,0
P3-05,121,chsims_aqgy5_0031_00013,1
P3-05,122,iemocap_Ses03F_script03_2_F030,0
P3-05,123,chsims_video_0059_0009,1
P3-05,124,iemocap_Ses03F_script01_3_F013,0
P3-05,125,meld_dia498_utt4,1
P3-05,126,chsims_aqgy5_0032_00007,0
P3-05,127,chsims_aqgy4_0018_00003,0
P3-05,128,meld_dia725_utt2,0
P3-05,129,meld_dia640_utt16,0
P3-05,130,meld_dia537_utt3,0
P3-05,131,iemocap_Ses04F_script03_1_M029,0
P3-05,132,chsims_aqgy5_0014_00023,0
P3-05,133,meld_dia574_utt3,0
P3-05,134,chsims_video_0043_0037,0
P3-05,135,iemocap_Ses02F_impro01_F021,0
P3-05,136,mosi_Sqr0AcuoNnk_14,0
P3-05,137,mosi_Clx4VXItLTE_15,0
P3-05,138,chsims_video_0011_0027,0
P3-05,139,mosi_G6GlGvlkxAQ_27,1
P3-05,140,chsims_aqgy5_0024_00003,0
P3-05,141,iemocap_Ses03M_impro01_F023,1
P3-05,142,iemocap_Ses01M_script01_2_M002,0
P3-05,143,chsims_aqgy5_0031_00030,0
P3-05,144,mosi_tIrG4oNLFzE_12,0
P3-05,145,chsims_aqgy5_0001_00013,1
P3-05,146,chsims_video_0045_0032,1
P3-05,147,mosi_tmZoasNr4rU_18,0
P3-05,148,meld_dia986_utt1,0
P3-05,149,meld_dia51_utt8,0
P3-05,150,mustard_1_467,1
P3-05,151,iemocap_Ses05M_script01_1b_M029,0
P3-05,152,iemocap_Ses03M_impro04_F011,0
P3-05,153,iemocap_Ses05M_impro02_M005,0
P3-05,154,iemocap_Ses05M_script01_3_M009,0
P3-05,155,iemocap_Ses05M_impro01_M008,0
P3-05,156,meld_dia275_utt9,0
P3-05,157,mosi_nzpVDcQ0ywM_21,0
P3-05,158,mosi_iiK8YX8oH1E_7,1
P3-05,159,chsims_video_0025_0018,0
P3-05,160,iemocap_Ses05M_impro06_M002,0
P3-05,161,meld_dia61_utt2,0
P3-05,162,chsims_video_0057_0024,0
P3-05,163,meld_dia875_utt6,1
P3-05,164,iemocap_Ses03F_impro06_F012,0
P3-05,165,mosi_c7UH_rxdZv4_19,0
P3-05,166,meld_dia589_utt6,0
P3-05,167,mosi_MLal-t_vJPM_10,0
P3-05,168,mosi_d6hH302o4v8_27,0
P3-05,169,mosi_HEsqda8_d0Q_26,1
P3-05,170,chsims_video_0049_0012,0
P3-05,171,chsims_video_0051_0055,1
P3-05,172,mustard_2_158,1
P3-05,173,mosi_9qR7uwkblbs_7,1
P3-05,174,mustard_2_322,1
P3-05,175,iemocap_Ses03F_impro05_F017,0
P3-05,176,mosi_ob23OKe5a9Q_4,0
P3-05,177,chsims_csbgs2_0001_00000,0
P3-05,178,meld_dia66_utt2,0
P3-05,179,chsims_video_0034_0008,0
P3-05,180,chsims_aqgy5_0031_00041,0
P3-05,181,meld_dia861_utt7,0
P3-05,182,iemocap_Ses01F_script02_1_F022,0
P3-05,183,meld_dia820_utt3,0
P3-05,184,mosi_G6GlGvlkxAQ_8,0
P3-05,185,mustard_2_235,0
P3-05,186,iemocap_Ses04F_script01_1_F036,0
P3-06,0,iemocap_Ses04M_impro01_M017,0
P3-06,1,iemocap_Ses04F_impro07_F078,1
P3-06,2,iemocap_Ses03M_impro03_F020,0
P3-06,3,meld_dia153_utt3,1
P3-06,4,chsims_video_0031_0017,0
P3-06,5,chsims_aqgy5_0032_00004,0
P3-06,6,meld_dia605_utt6,0
P3-06,7,meld_dia62_utt9,1
P3-06,8,iemocap_Ses05M_script03_1_M014,1
P3-06,9,iemocap_Ses03F_impro06_F029,0
P3-06,10,meld_dia336_utt18,0
P3-06,11,chsims_aqgy5_0025_00009,0
P3-06,12,meld_dia841_utt2,0
P3-06,13,mustard_1_6020,1
P3-06,14,iemocap_Ses04M_impro02_M016,0
P3-06,15,mosi_atnd_PF-Lbs_16,0
P3-06,16,meld_dia335_utt0,0
P3-06,17,iemocap_Ses05F_script01_1_F024,0
P3-06,18,iemocap_Ses05F_impro03_M046,0
P3-06,19,mosi_BI97DNYfe5I_27,0
P3-06,20,chsims_aqgy4_0011_00027,0
P3-06,21,mosi_rnaNMUZpvvg_12,0
P3-06,22,meld_dia249_utt13,0
P3-06,23,chsims_video_0010_0025,0
P3-06,24,meld_dia410_utt8,0
P3-06,25,meld_dia960_utt7,0
P3-06,26,mosi_Bfr499ggo-0_11,0
P3-06,27,chsims_video_0005_0013,0
P3-06,28,mustard_1_2216,0
P3-06,29,chsims_video_0028_0004,0
P3-06,30,iemocap_Ses05F_impro02_F022,0
P3-06,31,mosi_BvYR0L6f2Ig_14,0
P3-06,32,mustard_2_512,0
P3-06,33,chsims_video_0010_0009,0
P3-06,34,chsims_aqgy4_0007_00023,1
P3-06,35,mustard_2_73,0
P3-06,36,iemocap_Ses04M_impro03_M019,0
P3-06,37,iemocap_Ses03F_script03_1_F006,0
P3-06,38,mustard_1_10859,0
P3-06,39,chsims_video_0039_0004,0
P3-06,40,mosi_ZUXBRvtny7o_28,1
P3-06,41,iemocap_Ses04F_impro08_M022,0
P3-06,42,iemocap_Ses04F_script03_2_F001,1
P3-06,43,chsims_video_0009_0035,1
P3-06,44,chsims_aqgy4_0002_00000,0
P3-06,45,chsims_video_0002_0014,0
P3-06,46,mosi_tIrG4oNLFzE_7,0
P3-06,47,meld_dia561_utt5,0
P3-06,48,mosi_5W7Z1C_fDaE_6,0
P3-06,49,chsims_video_0015_0009,0
P3-06,50,meld_dia393_utt3,0
P3-06,51,mustard_2_236,0
P3-06,52,mosi_yDtzw_Y-7RU_7,0
P3-06,53,iemocap_Ses05M_script03_2_F013,0
P3-06,54,meld_dia138_utt3,0
P3-06,55,chsims_video_0024_0037,0
P3-06,56,chsims_aqgy5_0032_00002,0
P3-06,57,iemocap_Ses05F_script01_3_F009,0
P3-06,58,meld_dia241_utt9,0
P3-06,59,iemocap_Ses01M_script02_2_F031,0
P3-06,60,mosi_7JsX8y1ysxY_2,1
P3-06,61,iemocap_Ses02M_impro05_F013,1
P3-06,62,meld_dia667_utt3,0
P3-06,63,chsims_video_0055_0004,0
P3-06,64,chsims_video_0044_0009,0
P3-06,65,mosi_1iG0909rllw_18,0
P3-06,66,iemocap_Ses02M_impro08_F004,0
P3-06,67,meld_dia279_utt2,0
P3-06,68,iemocap_Ses04F_impro04_F032,0
P3-06,69,chsims_aqgy5_0011_00046,0
P3-06,70,mosi_ZUXBRvtny7o_34,0
P3-06,71,chsims_video_0024_0067,1
P3-06,72,iemocap_Ses04F_impro08_F020,0
P3-06,73,meld_dia434_utt11,0
P3-06,74,iemocap_Ses04M_impro02_F006,0
P3-06,75,meld_dia94_utt7,0
P3-06,76,iemocap_Ses02F_script01_3_F017,0
P3-06,77,iemocap_Ses01F_impro07_M019,1
P3-06,78,chsims_aqgy4_0008_00013,0
P3-06,79,mosi_2WGyTLYerpo_56,1
P3-06,80,chsims_aqgy5_0018_00013,0
P3-06,81,iemocap_Ses02M_script01_1_M019,0
P3-06,82,meld_dia985_utt0,0
P3-06,83,meld_dia906_utt4,0
P3-06,84,mosi_0h-zjBukYpk_21,0
P3-06,85,chsims_aqgy4_0012_00032,0
P3-06,86,meld_dia961_utt3,0
P3-06,87,mosi_VCslbP0mgZI_17,0
P3-06,88,mosi_OtBXNcAL_lE_2,0
P3-06,89,iemocap_Ses02M_script03_2_F029,0
P3-06,90,chsims_aqgy4_0009_00026_0,0
P3-06,91,chsims_aqgy5_0005_00017,0
P3-06,92,chsims_aqgy4_0004_00018,0
P3-06,93,mosi_BvYR0L6f2Ig_13,1
P3-06,94,meld_dia95_utt14,1
P3-06,95,iemocap_Ses05F_impro03_F042,0
P3-06,96,iemocap_Ses05M_script01_1b_M019,0
P3-06,97,iemocap_Ses05M_script01_3_M040,0
P3-06,98,iemocap_Ses05F_script01_3_M016,0
P3-06,99,meld_dia322_utt1,0
P3-06,100,meld_dia584_utt1,0
P3-06,101,chsims_video_0003_0002,0
P3-06,102,meld_dia893_utt15,1
P3-06,103,chsims_aqgy4_0012_00034,0
P3-06,104,meld_dia583_utt0,0
P3-06,105,mosi_lXPQBPVc5Cw_13,0
P3-06,106,iemocap_Ses04M_script02_2_F032,0
P3-06,107,mustard_1_7445,1
P3-06,108,iemocap_Ses02F_impro03_M004,0
P3-06,109,meld_dia199_utt11,0
P3-06,110,mosi_bOL9jKpeJRs_10,1
P3-06,111,iemocap_Ses03F_script02_2_M040,0
P3-06,112,iemocap_Ses01F_script02_2_M036,0
P3-06,113,iemocap_Ses01M_script02_1_F005,0
P3-06,114,chsims_video_0045_0049,0
P3-06,115,chsims_video_0040_0008,0
P3-06,116,chsims_aqgy3_0007_00002,0
P3-06,117,meld_dia619_utt8,0
P3-06,118,iemocap_Ses03M_script03_2_F030,0
P3-06,119,mosi_atnd_PF-Lbs_7,0
P3-06,120,meld_dia336_utt9,0
P3-06,121,meld_dia234_utt2,0
P3-06,122,chsims_aqgy5_0007_00009,0
P3-06,123,mosi_VbQk4H8hgr0_48,0
P3-06,124,chsims_aqgy4_0010_00022,0
P3-06,125,mosi_QN9ZIUWUXsY_8,0
P3-06,126,iemocap_Ses05M_script01_1_M033,0
P3-06,127,chsims_csbgs2_0001_00011,1
P3-06,128,iemocap_Ses05M_script02_1_M025,0
P3-06,129,chsims_aqgy5_0012_00023,1
P3-06,130,chsims_video_0001_0019,0
P3-06,131,iemocap_Ses02M_impro02_F007,0
P3-06,132,chsims_video_0054_0041,0
P3-06,133,chsims_video_xjzw_00041,0
P3-06,134,meld_dia204_utt13,0
P3-06,135,chsims_video_0054_0030,1
P3-06,136,meld_dia616_utt1,0
P3-06,137,iemocap_Ses03M_impro06_F010,0
P3-06,138,mustard_2_532,0
P3-06,139,meld_dia887_utt6,0
P3-06,140,chsims_aqgy5_0009_00026,0
P3-06,141,chsims_video_0026_0017,0
P3-06,142,mustard_1_6472,0
P3-06,143,iemocap_Ses01M_script03_2_F035,0
P3-06,144,chsims_video_0025_0007,0
P3-06,145,meld_dia968_utt5,0
P3-06,146,meld_dia990_utt14,0
P3-06,147,meld_dia319_utt3,0
P3-06,148,iemocap_Ses05F_script01_1_F011,1
P3-06,149,mosi_VbQk4H8hgr0_27,0
P3-06,150,mustard_2_109,0
P3-06,151,meld_dia195_utt19,0
P3-06,152,chsims_aqgy4_0021_00000,0
P3-06,153,meld_dia4_utt8,0
P3-06,154,chsims_video_0035_0014,1
P3-06,155,iemocap_Ses03M_impro04_M041,0
P3-06,156,chsims_video_0056_0065,1
P3-06,157,mosi_nzpVDcQ0ywM_4,0
P3-06,158,iemocap_Ses01M_impro07_M023,0
P3-06,159,mustard_1_7395,1
P3-06,160,mosi_zhpQhgha_KU_12,1
P3-06,161,meld_dia395_utt0,0
P3-06,162,mosi_Oz06ZWiO20M_5,0
P3-06,163,chsims_video_0009_0022,0
P3-06,164,meld_dia520_utt1,0
P3-06,165,meld_dia465_utt3,0
P3-06,166,meld_dia585_utt2,0
P3-06,167,chsims_video_0037_0005,1
P3-06,168,iemocap_Ses04M_impro07_F000,0
P3-06,169,mustard_2_43,0
P3-06,170,mosi_Sqr0AcuoNnk_18,0
P3-06,171,chsims_aqgy4_0012_00047,0
P3-06,172,chsims_video_0052_0007,0
P3-06,173,iemocap_Ses02F_script03_1_F004,0
P3-06,174,mosi_zhpQhgha_KU_11,0
P3-06,175,meld_dia1017_utt3,0
P3-06,176,iemocap_Ses03M_script01_3_M032,0
P3-06,177,chsims_aqgy4_0004_00016,0
P3-06,178,mosi_LSi-o-IrDMs_21,0
P3-06,179,iemocap_Ses02F_impro06_F009,0
P3-06,180,mosi_Bfr499ggo-0_5,0
P3-06,181,meld_dia455_utt17,0
P3-06,182,meld_dia176_utt10,1
P3-06,183,iemocap_Ses01M_script02_1_F017,0
P3-06,184,iemocap_Ses04F_impro02_M010,1
P3-06,185,iemocap_Ses05M_script03_2_M028,0
P3-06,186,chsims_video_0001_0013,0
P3-07,0,meld_dia175_utt10,0
P3-07,1,iemocap_Ses03M_impro01_M028,0
P3-07,2,chsims_video_0022_0012,0
P3-07,3,meld_dia46_utt13,0
P3-07,4,mustard_1_3371,0
P3-07,5,meld_dia596_utt15,0
P3-07,6,iemocap_Ses03F_script01_3_F028,0
P3-07,7,chsims_aqgy5_0013_00015,0
P3-07,8,chsims_video_0025_0045,0
P3-07,9,mustard_1_11224,0
P3-07,10,chsims_aqgy4_0001_00064,0
P3-07,11,meld_dia389_utt7,0
P3-07,12,meld_dia62_utt9,1
P3-07,13,iemocap_Ses05F_script01_1_F036,0
P3-07,14,chsims_aqgy5_0027_00034,1
P3-07,15,meld_dia34_utt5,0
P3-07,16,meld_dia806_utt3,0
P3-07,17,chsims_video_0024_0102,0
P3-07,18,chsims_aqgy3_0001_00014,0
P3-07,19,iemocap_Ses02M_script02_2_M028,0
P3-07,20,meld_dia264_utt1,0
P3-07,21,iemocap_Ses04F_impro04_F030,0
P3-07,22,iemocap_Ses03M_impro02_F013,0
P3-07,23,meld_dia37_utt2,0
P3-07,24,mosi_BioHAh1qJAQ_29,0
P3-07,25,chsims_video_0016_0045,0
P3-07,26,iemocap_Ses01F_script03_2_F027,0
P3-07,27,meld_dia533_utt3,1
P3-07,28,mustard_2_612,0
P3-07,29,chsims_aqgy5_0034_00000,0
P3-07,30,iemocap_Ses02F_script03_1_F029,0
P3-07,31,meld_dia593_utt8,1
P3-07,32,meld_dia892_utt1,0
P3-07,33,chsims_video_0024_0036,0
P3-07,34,mosi_cW1FSBF59ik_4,1
P3-07,35,chsims_aqgy5_0022_00009,0
P3-07,36,meld_dia244_utt4,0
P3-07,37,meld_dia841_utt9,0
P3-07,38,meld_dia261_utt2,0
P3-07,39,chsims_aqgy5_0001_00000,0
P3-07,40,iemocap_Ses03F_script03_2_F040,0
P3-07,41,mosi_5W7Z1C_fDaE_10,0
P3-07,42,iemocap_Ses01F_script03_1_M025,0
P3-07,43,chsims_video_xjzw_00029,0
P3-07,44,iemocap_Ses01F_script02_1_F004,0
P3-07,45,chsims_aqgy5_0016_00038,1
P3-07,46,chsims_video_0023_0064,1
P3-07,47,mosi_iiK8YX8oH1E_14,1
P3-07,48,mustard_1_6766,0
P3-07,49,chsims_video_0060_0024,0
P3-07,50,mustard_2_124,0
P3-07,51,mustard_1_2778,1
P3-07,52,iemocap_Ses01F_impro07_F001,0
P3-07,53,iemocap_Ses04F_impro04_F004,0
P3-07,54,iemocap_Ses02M_impro04_M006,0
P3-07,55,mosi_6Egk_28TtTM_5,0
P3-07,56,iemocap_Ses05F_script01_2_M005,0
P3-07,57,meld_dia602_utt4,0
P3-07,58,chsims_aqgy5_0013_00007,0
P3-07,59,mosi_VbQk4H8hgr0_41,1
P3-07,60,chsims_aqgy5_0021_00008,0
P3-07,61,iemocap_Ses01F_impro07_M019,1
P3-07,62,mosi_yvsjCA6Y5Fc_4,0
P3-07,63,mosi_c5xsKMxpXnc_2,0
P3-07,64,meld_dia151_utt15,0
P3-07,65,chsims_video_0056_0081,0
P3-07,66,chsims_video_0007_0003,0
P3-07,67,iemocap_Ses02M_script03_2_M001,0
P3-07,68,iemocap_Ses05M_impro05_M011,0
P3-07,69,chsims_aqgy5_0017_00033,0
P3-07,70,chsims_aqgy5_0024_00014,0
P3-07,71,chsims_aqgy4_0001_00067,0
P3-07,72,meld_dia516_utt5,1
P3-07,73,meld_dia535_utt2,0
P3-07,74,mosi_Dg_0XKD0Mf4_7,0
P3-07,75,mosi_VCslbP0mgZI_11,0
P3-07,76,iemocap_Ses03F_script01_1_F032,0
P3-07,77,mustard_1_6039,1
P3-07,78,meld_dia182_utt11,0
P3-07,79,iemocap_Ses03M_script01_2_F014,0
P3-07,80,chsims_video_0054_0123,0
P3-07,81,chsims_aqgy4_0016_00007,0
P3-07,82,iemocap_Ses02F_impro05_F015,0
P3-07,83,meld_dia965_utt0,0
P3-07,84,iemocap_Ses02F_script02_2_F032,0
P3-07,85,iemocap_Ses04F_impro07_M042,0
P3-07,86,iemocap_Ses03M_script03_1_F029,0
P3-07,87,meld_dia33_utt10,0
P3-07,88,mosi_cW1FSBF59ik_10,0
P3-07,89,meld_dia448_utt5,0
P3-07,90,iemocap_Ses05M_impro04_M001,0
P3-07,91,mustard_1_7722,1
P3-07,92,meld_dia206_utt4,0
P3-07,93,mustard_2_575,1
P3-07,94,meld_dia198_utt2,0
P3-07,95,meld_dia621_utt6,0
P3-07,96,mustard_1_11236,1
P3-07,97,chsims_video_0017_0013,0
P3-07,98,mosi_d6hH302o4v8_18,0
P3-07,99,iemocap_Ses02F_script01_1_M011,0
P3-07,100,chsims_aqgy5_0028_00024,0
P3-07,101,mustard_2_372,0
P3-07,102,chsims_video_0028_0023,0
P3-07,103,meld_dia175_utt1,1
P3-07,104,meld_dia150_utt1,0
P3-07,105,iemocap_Ses02M_script01_1_M008,1
P3-07,106,mosi_d6hH302o4v8_1,1
P3-07,107,chsims_video_0056_0076,0
P3-07,108,meld_dia445_utt8,0
P3-07,109,chsims_video_0024_0079,0
P3-07,110,meld_dia449_utt2,0
P3-07,111,iemocap_Ses03F_script03_1_M022,0
P3-07,112,meld_dia546_utt18,0
P3-07,113,chsims_video_0045_0077,0
P3-07,114,meld_dia532_utt2,0
P3-07,115,meld_dia665_utt8,0
P3-07,116,mosi_cXypl4FnoZo_29,0
P3-07,117,iemocap_Ses05F_script01_2_M000,0
P3-07,118,iemocap_Ses05M_script01_3_M023,0
P3-07,119,mosi_Dg_0XKD0Mf4_11,0
P3-07,120,chsims_video_0051_0027,0
P3-07,121,chsims_video_0050_0013,0
P3-07,122,iemocap_Ses02F_impro04_M014,0
P3-07,123,iemocap_Ses02M_script01_3_M011,0
P3-07,124,mustard_1_11913,0
P3-07,125,meld_dia374_utt3,0
P3-07,126,meld_dia646_utt19,0
P3-07,127,meld_dia173_utt2,1
P3-07,128,chsims_video_0056_0075,0
P3-07,129,iemocap_Ses03F_impro02_M019,1
P3-07,130,iemocap_Ses02F_script03_2_F038,0
P3-07,131,iemocap_Ses05M_script03_2_M006,0
P3-07,132,meld_dia17_utt0,0
P3-07,133,chsims_aqgy3_0006_00006,0
P3-07,134,meld_dia538_utt3,0
P3-07,135,mosi_phBUpBr1hSo_10,0
P3-07,136,chsims_video_0009_0008,0
P3-07,137,iemocap_Ses03F_script01_1_F030,0
P3-07,138,chsims_video_0017_0015,0
P3-07,139,iemocap_Ses02F_impro07_F028,0
P3-07,140,mosi_d6hH302o4v8_9,0
P3-07,141,chsims_test15_00004,0
P3-07,142,mosi_Jkswaaud0hk_4,0
P3-07,143,meld_dia913_utt8,0
P3-07,144,meld_dia660_utt5,0
P3-07,145,chsims_aqgy4_0009_00002_0,0
P3-07,146,meld_dia49_utt11,0
P3-07,147,iemocap_Ses05M_impro02_F017,0
P3-07,148,iemocap_Ses02F_impro06_F001,0
P3-07,149,iemocap_Ses05M_impro05_F019,0
P3-07,150,meld_dia992_utt6,0
P3-07,151,mosi_GWuJjcEuzt8_3,0
P3-07,152,chsims_aqgy5_0018_00019,0
P3-07,153,meld_dia64_utt4,1
P3-07,154,mustard_2_286,0
P3-07,155,iemocap_Ses01F_impro05_M023,0
P3-07,156,chsims_aqgy4_0022_00000,0
P3-07,157,iemocap_Ses03M_script03_2_M002,0
P3-07,158,mosi_wMbj6ajWbic_5,1
P3-07,159,meld_dia285_utt14,0
P3-07,160,meld_dia791_utt19,1
P3-07,161,mosi_lXPQBPVc5Cw_25,0
P3-07,162,mosi_Af8D0E4ZXaw_24,0
P3-07,163,mustard_2_323,1
P3-07,164,chsims_video_0018_0004,0
P3-07,165,mosi_9T9Hf74oK10_10,0
P3-07,166,mustard_1_1549,1
P3-07,167,mosi_Ci-AH39fi3Y_15,0
P3-07,168,chsims_aqgy4_0005_00007,0
P3-07,169,iemocap_Ses01M_script01_1_M009,0
P3-07,170,meld_dia480_utt3,0
P3-07,171,meld_dia179_utt1,0
P3-07,172,iemocap_Ses01F_impro07_F016,0
P3-07,173,mosi_73jzhE8R1TQ_15,0
P3-07,174,mosi_1iG0909rllw_2,0
P3-07,175,iemocap_Ses01F_script02_2_F012,0
P3-07,176,iemocap_Ses05M_impro01_M013,0
P3-07,177,iemocap_Ses01F_script01_1_M009,1
P3-07,178,chsims_aqgy3_0005_00007,0
P3-07,179,mosi_X3j2zQgwYgE_10,1
P3-07,180,meld_dia823_utt6,0
P3-07,181,mosi_OtBXNcAL_lE_21,1
P3-07,182,chsims_aqgy5_0014_00011,0
P3-07,183,meld_dia839_utt1,0
P3-07,184,mustard_1_276,1
P3-07,185,chsims_aqgy5_0031_00045,0
P3-07,186,iemocap_Ses05M_script01_1b_M035,0
P3-08,0,chsims_video_0011_0011,0
P3-08,1,iemocap_Ses05M_impro04_F034,1
P3-08,2,iemocap_Ses05M_script03_1_F025,0
P3-08,3,iemocap_Ses03F_impro03_M011,0
P3-08,4,iemocap_Ses03M_impro07_F009,0
P3-08,5,iemocap_Ses02F_impro02_M003,0
P3-08,6,mosi_9J25DZhivz8_12,0
P3-08,7,mustard_1_4031,1
P3-08,8,iemocap_Ses04M_script03_1_F019,1
P3-08,9,chsims_video_0054_0030,1
P3-08,10,meld_dia966_utt5,0
P3-08,11,mosi_cW1FSBF59ik_23,1
P3-08,12,mustard_1_70,0
P3-08,13,meld_dia638_utt4,0
P3-08,14,chsims_aqgy5_0015_00024,0
P3-08,15,mosi_Njd1F0vZSm4_12,0
P3-08,16,iemocap_Ses02F_script03_1_F009,0
P3-08,17,mosi_OtBXNcAL_lE_19,0
P3-08,18,iemocap_Ses03F_script02_1_F003,0
P3-08,19,meld_dia917_utt5,0
P3-08,20,chsims_aqgy4_0003_00010,1
P3-08,21,mustard_2_161,0
P3-08,22,iemocap_Ses05M_script02_2_F005,1
P3-08,23,meld_dia33_utt9,0
P3-08,24,meld_dia528_utt1,0
P3-08,25,mustard_1_5058,0
P3-08,26,iemocap_Ses04M_impro07_F002,0
P3-08,27,mosi_cM3Yna7AavY_15,0
P3-08,28,iemocap_Ses04F_script01_2_M017,0
P3-08,29,meld_dia593_utt8,1
P3-08,30,chsims_video_0060_0002,0
P3-08,31,meld_dia271_utt0,0
P3-08,32,iemocap_Ses03M_script02_1_M042,0
P3-08,33,meld_dia80_utt0,0
P3-08,34,mustard_2_511,1
P3-08,35,chsims_aqgy5_0013_00013,0
P3-08,36,iemocap_Ses01M_impro06_M015,0
P3-08,37,iemocap_Ses05F_script01_1_F035,0
P3-08,38,iemocap_Ses03M_impro08b_F006,0
P3-08,39,meld_dia486_utt11,0
P3-08,40,meld_dia130_utt12,0
P3-08,41,meld_dia791_utt6,0
P3-08,42,chsims_video_0024_0065,0
P3-08,43,mustard_1_1189,1
P3-08,44,meld_dia219_utt4,0
P3-08,45,meld_dia654_utt4,1
P3-08,46,mosi_jUzDDGyPkXU_17,0
P3-08,47,chsims_video_0035_0035,0
P3-08,48,meld_dia846_utt1,0
P3-08,49,chsims_video_0052_0025,0
P3-08,50,chsims_aqgy4_0012_00003,0
P3-08,51,meld_dia633_utt4,0
P3-08,52,chsims_aqgy5_0024_00010,0
P3-08,53,mosi_aiEXnCPZubE_15,0
P3-08,54,iemocap_Ses04M_impro05_F026,0
P3-08,55,chsims_video_0045_0091,0
P3-08,56,iemocap_Ses02M_script03_2_F037,0
P3-08,57,iemocap_Ses04M_impro07_F003,0
P3-08,58,mustard_1_4995,0
P3-08,59,chsims_aqgy4_0007_00017,0
P3-08,60,chsims_video_0035_0030,0
P3-08,61,chsims_video_0012_0031,0
P3-08,62,mustard_1_6039,1
P3-08,63,chsims_aqgy5_0005_00022,0
P3-08,64,mustard_1_11723,0
P3-08,65,meld_dia109_utt1,0
P3-08,66,chsims_video_0014_0018,0
P3-08,67,mosi_Bfr499ggo-0_6,0
P3-08,68,chsims_video_0025_0003,0
P3-08,69,meld_dia638_utt7,0
P3-08,70,chsims_video_0060_0039,1
P3-08,71,meld_dia77_utt3,0
P3-08,72,iemocap_Ses05M_script02_1_M028,0
P3-08,73,meld_dia17_utt6,0
P3-08,74,iemocap_Ses03F_script01_2_F016,0
P3-08,75,iemocap_Ses05F_script03_2_M019,0
P3-08,76,chsims_aqgy3_0005_00006,0
P3-08,77,mosi_2iD-tVS8NPw_1,0
P3-08,78,mosi_VCslbP0mgZI_4,0
P3-08,79,mustard_2_431,0
P3-08,80,meld_dia853_utt3,0
P3-08,81,iemocap_Ses04F_script01_2_F012,0
P3-08,82,iemocap_Ses05F_impro02_M005,0
P3-08,83,chsims_video_0023_0020,1
P3-08,84,meld_dia109_utt14,0
P3-08,85,iemocap_Ses03F_impro02_F041,0
P3-08,86,chsims_aqgy5_0005_00021,0
P3-08,87,chsims_video_0051_0045,0
P3-08,88,meld_dia948_utt9,0
P3-08,89,iemocap_Ses05F_script01_3_F005,1
P3-08,90,iemocap_Ses05F_impro02_M022,0
P3-08,91,chsims_video_0035_0028,0
P3-08,92,meld_dia388_utt4,0
P3-08,93,mosi_tmZoasNr4rU_8,0
P3-08,94,meld_dia207_utt2,0
P3-08,95,iemocap_Ses05F_impro03_F030,0
P3-08,96,chsims_video_0053_0014,0
P3-08,97,meld_dia122_utt0,0
P3-08,98,mustard_1_1987,0
P3-08,99,mosi_I5y0__X72p0_19,0
P3-08,100,meld_dia199_utt2,1
P3-08,101,chsims_video_0016_0007,0
P3-08,102,iemocap_Ses03M_script01_1_F010,0
P3-08,103,mosi_G6GlGvlkxAQ_14,0
P3-08,104,iemocap_Ses05F_script01_1_M025,0
P3-08,105,mosi_lXPQBPVc5Cw_14,1
P3-08,106,chsims_aqgy5_0021_00016,1
P3-08,107,chsims_video_0047_0032,0
P3-08,108,mustard_2_487,0
P3-08,109,iemocap_Ses03M_script03_1_M026,0
P3-08,110,mosi_c5xsKMxpXnc_7,0
P3-08,111,chsims_video_0041_0007,0
P3-08,112,mustard_1_4789,0
P3-08,113,mustard_2_115,0
P3-08,114,chsims_video_0039_0003,0
P3-08,115,mosi_I5y0__X72p0_21,0
P3-08,116,iemocap_Ses03M_script02_2_F009,0
P3-08,117,mosi_f9O3YtZ2VfI_29,1
P3-08,118,meld_dia629_utt6,0
P3-08,119,iemocap_Ses02M_script01_1_F028,0
P3-08,120,meld_dia309_utt2,0
P3-08,121,mustard_2_87,1
P3-08,122,mosi_7JsX8y1ysxY_6,0
P3-08,123,iemocap_Ses03F_script02_2_M016,0
P3-08,124,chsims_aqgy3_0005_00035,0
P3-08,125,meld_dia810_utt12,0
P3-08,126,meld_dia833_utt6,0
P3-08,127,iemocap_Ses03F_script02_1_F011,0
P3-08,128,chsims_video_0054_0062,0
P3-08,129,iemocap_Ses03F_impro08_F018,0
P3-08,130,chsims_video_0060_0008,0
P3-08,131,meld_dia679_utt5,0
P3-08,132,mustard_1_6504,1
P3-08,133,chsims_video_xjzw_00038,0
P3-08,134,chsims_aqgy3_0006_00000,0
P3-08,135,meld_dia17_utt4,0
P3-08,136,iemocap_Ses04M_impro03_M005,0
P3-08,137,chsims_aqgy5_0008_00022,0
P3-08,138,iemocap_Ses02F_impro02_F008,0
P3-08,139,chsims_csbgs2_0001_00011,1
P3-08,140,chsims_aqgy4_0011_00012,0
P3-08,141,mosi_POKffnXeBds_11,1
P3-08,142,chsims_video_0041_0031,0
P3-08,143,iemocap_Ses04F_impro07_F078,1
P3-08,144,iemocap_Ses01M_impro07_M019,0
P3-08,145,chsims_video_0056_0077,0
P3-08,146,iemocap_Ses04F_script03_1_F019,0
P3-08,147,mosi_GWuJjcEuzt8_16,0
P3-08,148,iemocap_Ses01M_impro06_F017,0
P3-08,149,mosi_PZ-lDQFboO8_1,0
P3-08,150,meld_dia392_utt5,0
P3-08,151,meld_dia648_utt5,0
P3-08,152,mosi_yvsjCA6Y5Fc_9,1
P3-08,153,meld_dia860_utt8,0
P3-08,154,iemocap_Ses02F_script03_2_M017,0
P3-08,155,chsims_aqgy5_0006_00001,0
P3-08,156,mosi_BvYR0L6f2Ig_21,0
P3-08,157,iemocap_Ses02M_script03_1_F020,0
P3-08,158,mosi_tIrG4oNLFzE_9,0
P3-08,159,iemocap_Ses02F_script01_2_F017,0
P3-08,160,iemocap_Ses01M_impro01_M018,0
P3-08,161,chsims_video_0010_0001,0
P3-08,162,meld_dia809_utt5,0
P3-08,163,iemocap_Ses02F_script01_1_F017,1
P3-08,164,chsims_aqgy4_0011_00024,0
P3-08,165,iemocap_Ses02M_script03_1_F026,1
P3-08,166,chsims_aqgy5_0031_00013,1
P3-08,167,meld_dia815_utt0,0
P3-08,168,iemocap_Ses01F_script01_1_M015,0
P3-08,169,chsims_video_0025_0024,0
P3-08,170,chsims_video_0043_0024,0
P3-08,171,iemocap_Ses05F_script01_3_M038,0
P3-08,172,chsims_csbgs2_0001_00020,0
P3-08,173,mosi_1iG0909rllw_29,0
P3-08,174,meld_dia466_utt5,0
P3-08,175,iemocap_Ses03F_script02_2_F036,0
P3-08,176,iemocap_Ses01F_impro05_M030,0
P3-08,177,mosi_yvsjCA6Y5Fc_14,0
P3-08,178,mustard_1_182,1
P3-08,179,meld_dia82_utt4,0
P3-08,180,iemocap_Ses05M_impro07_F005,0
P3-08,181,meld_dia1036_utt16,0
P3-08,182,meld_dia352_utt1,0
P3-08,183,iemocap_Ses01F_script01_1_F037,1
P3-08,184,mustard_1_2792,0
P3-08,185,chsims_test5_00008,0
P3-08,186,iemocap_Ses05F_script03_2_M016,0
P3-09,0,meld_dia768_utt0,0
P3-09,1,chsims_video_0060_0003,0
P3-09,2,iemocap_Ses02F_script01_1_F042,0
P3-09,3,meld_dia839_utt15,0
P3-09,4,mustard_1_7953,0
P3-09,5,iemocap_Ses04F_script02_2_F012,0
P3-09,6,meld_dia317_utt1,1
P3-09,7,mosi_yvsjCA6Y5Fc_7,0
P3-09,8,meld_dia848_utt5,0
P3-09,9,mosi_bOL9jKpeJRs_24,0
P3-09,10,meld_dia80_utt2,0
P3-09,11,chsims_aqgy4_0001_00049,0
P3-09,12,chsims_aqgy4_0019_00002,0
P3-09,13,meld_dia332_utt5,0
P3-09,14,meld_dia264_utt6,0
P3-09,15,iemocap_Ses05F_impro05_F041,0
P3-09,16,iemocap_Ses04M_script03_2_F013,0
P3-09,17,meld_dia483_utt6,0
P3-09,18,iemocap_Ses03F_impro08_M018,1
P3-09,19,meld_dia649_utt12,0
P3-09,20,meld_dia183_utt9,0
P3-09,21,iemocap_Ses01F_impro03_M024,0
P3-09,22,mustard_2_406,0
P3-09,23,mosi_MLal-t_vJPM_17,0
P3-09,24,mosi_yvsjCA6Y5Fc_22,0
P3-09,25,mosi_7JsX8y1ysxY_5,0
P3-09,26,iemocap_Ses02F_impro01_M021,0
P3-09,27,meld_dia1013_utt2,0
P3-09,28,chsims_aqgy4_0011_00002,0
P3-09,29,chsims_video_0040_0023,0
P3-09,30,chsims_video_0023_0048,0
P3-09,31,mosi_d6hH302o4v8_23,0
P3-09,32,chsims_video_0012_0013,0
P3-09,33,meld_dia404_utt9,1
P3-09,34,iemocap_Ses04F_script03_2_F044,0
P3-09,35,mosi_wMbj6ajWbic_1,1
P3-09,36,mosi_2iD-tVS8NPw_8,0
P3-09,37,chsims_video_0041_0016,1
P3-09,38,mosi_W8NXH0Djyww_29,0
P3-09,39,chsims_video_0025_0002,0
P3-09,40,chsims_video_0021_0010,0
P3-09,41,chsims_aqgy5_0013_00009,0
P3-09,42,iemocap_Ses05M_script01_3_M037,0
P3-09,43,iemocap_Ses04M_script01_3_F014,0
P3-09,44,iemocap_Ses02F_script01_3_F015,0
P3-09,45,iemocap_Ses02M_script03_1_M005,0
P3-09,46,mosi_atnd_PF-Lbs_20,0
P3-09,47,mosi_WKA5OygbEKI_19,0
P3-09,48,mosi_W8NXH0Djyww_11,1
P3-09,49,chsims_video_0040_0054,0
P3-09,50,iemocap_Ses05M_impro04_F034,1
P3-09,51,iemocap_Ses05M_script03_2_M005,0
P3-09,52,meld_dia219_utt0,0
P3-09,53,chsims_aqgy5_0029_00006,0
P3-09,54,meld_dia819_utt14,0
P3-09,55,meld_dia184_utt13,0
P3-09,56,meld_dia1016_utt11,0
P3-09,57,iemocap_Ses05F_script03_2_M013,1
P3-09,58,chsims_video_0025_0053,0
P3-09,59,chsims_video_0025_0027,0
P3-09,60,mustard_2_268,0
P3-09,61,chsims_aqgy3_0006_00001,0
P3-09,62,chsims_video_0023_0023,0
P3-09,63,chsims_aqgy5_0025_00026,0
P3-09,64,mosi_cW1FSBF59ik_14,0
P3-09,65,chsims_video_0001_0003,0
P3-09,66,mosi_Bfr499ggo-0_21,0
P3-09,67,mosi_cM3Yna7AavY_16,1
P3-09,68,iemocap_Ses01M_impro07_F012,0
P3-09,69,iemocap_Ses02F_script01_3_M011,0
P3-09,70,mustard_1_276,1
P3-09,71,chsims_aqgy4_0010_00023,0
P3-09,72,chsims_video_0054_0137,0
P3-09,73,meld_dia184_utt15,0
P3-09,74,iemocap_Ses02F_script02_1_M029,0
P3-09,75,chsims_test1_00000,0
P3-09,76,mosi__dI--eQ6qVU_13,0
P3-09,77,meld_dia1029_utt1,0
P3-09,78,mosi_0h-zjBukYpk_18,0
P3-09,79,mosi_OtBXNcAL_lE_12,0
P3-09,80,meld_dia182_utt2,0
P3-09,81,meld_dia64_utt4,1
P3-09,82,meld_dia1022_utt11,0
P3-09,83,meld_dia910_utt5,1
P3-09,84,chsims_aqgy4_0005_00021,1
P3-09,85,iemocap_Ses01F_script03_1_M030,0
P3-09,86,iemocap_Ses04F_script01_3_F009,0
P3-09,87,iemocap_Ses05F_impro01_M004,0
P3-09,88,meld_dia758_utt0,0
P3-09,89,mustard_1_11177,0
P3-09,90,meld_dia697_utt6,0
P3-09,91,chsims_aqgy5_0028_00000,0
P3-09,92,iemocap_Ses03M_impro05a_M015,0
P3-09,93,meld_dia57_utt3,0
P3-09,94,mosi_03bSnISJMiM_1,0
P3-09,95,mosi_lXPQBPVc5Cw_27,0
P3-09,96,iemocap_Ses03F_impro05_F006,0
P3-09,97,chsims_video_0048_0027,0
P3-09,98,meld_dia189_utt6,0
P3-09,99,mustard_2_318,1
P3-09,100,chsims_aqgy4_0007_00000,1
P3-09,101,chsims_video_0040_0042,0
P3-09,102,iemocap_Ses05F_script01_3_M019,1
P3-09,103,mosi_dq3Nf_lMPnE_7,0
P3-09,104,chsims_aqgy4_0005_00045,0
P3-09,105,mosi_8OtFthrtaJM_11,0
P3-09,106,meld_dia960_utt6,0
P3-09,107,iemocap_Ses01F_impro05_F019,0
P3-09,108,mosi_73jzhE8R1TQ_19,0
P3-09,109,iemocap_Ses04F_script01_3_M014,1
P3-09,110,chsims_aqgy5_0016_00041,0
P3-09,111,chsims_test13_00010,0
P3-09,112,iemocap_Ses03F_script01_3_M039,0
P3-09,113,meld_dia513_utt1,0
P3-09,114,mustard_1_2198,1
P3-09,115,mustard_2_408,0
P3-09,116,chsims_video_0017_0006,0
P3-09,117,chsims_aqgy5_0027_00030,0
P3-09,118,meld_dia431_utt5,0
P3-09,119,meld_dia138_utt0,0
P3-09,120,meld_dia844_utt13,0
P3-09,121,mosi_phBUpBr1hSo_5,1
P3-09,122,mosi_d6hH302o4v8_34,0
P3-09,123,chsims_video_0045_0007,0
P3-09,124,iemocap_Ses05M_script01_3_F003,0
P3-09,125,mustard_1_2830,1
P3-09,126,meld_dia843_utt14,0
P3-09,127,meld_dia477_utt11,0
P3-09,128,mosi_yvsjCA6Y5Fc_13,1
P3-09,129,meld_dia448_utt10,0
P3-09,130,meld_dia918_utt11,1
P3-09,131,chsims_video_0006_0022,0
P3-09,132,meld_dia823_utt10,0
P3-09,133,mosi_9qR7uwkblbs_7,1
P3-09,134,mustard_2_1,1
P3-09,135,iemocap_Ses02M_script03_2_M043,0
P3-09,136,mosi_VbQk4H8hgr0_37,0
P3-09,137,chsims_video_0046_0015,0
P3-09,138,iemocap_Ses04F_script02_1_M012,1
P3-09,139,meld_dia664_utt2,0
P3-09,140,mosi_etzxEpPuc6I_16,0
P3-09,141,chsims_video_0012_0016,0
P3-09,142,chsims_aqgy5_0021_00007,0
P3-09,143,chsims_video_0024_0042,0
P3-09,144,iemocap_Ses04M_impro03_M014,0
P3-09,145,mustard_1_2354,1
P3-09,146,chsims_aqgy4_0005_00046,0
P3-09,147,iemocap_Ses04M_script01_1_M034,1
P3-09,148,iemocap_Ses05M_script02_2_F032,0
P3-09,149,chsims_aqgy5_0028_00043,0
P3-09,150,mosi_tmZoasNr4rU_10,0
P3-09,151,iemocap_Ses02F_script03_2_F035,0
P3-09,152,chsims_test8_00001,0
P3-09,153,chsims_video_0053_0016,0
P3-09,154,chsims_aqgy3_0003_00017,0
P3-09,155,iemocap_Ses05M_script01_2_M016,0
P3-09,156,meld_dia264_utt15,0
P3-09,157,meld_dia871_utt2,0
P3-09,158,meld_dia127_utt3,0
P3-09,159,mosi_HEsqda8_d0Q_34,0
P3-09,160,chsims_aqgy5_0010_00001,0
P3-09,161,chsims_aqgy5_0015_00014,0
P3-09,162,mosi_9J25DZhivz8_22,0
P3-09,163,mosi_etzxEpPuc6I_10,0
P3-09,164,meld_dia429_utt3,0
P3-09,165,meld_dia588_utt4,0
P3-09,166,meld_dia754_utt1,0
P3-09,167,meld_dia382_utt1,0
P3-09,168,meld_dia913_utt2,0
P3-09,169,mosi_G-xst2euQUc_14,1
P3-09,170,meld_dia241_utt4,0
P3-09,171,meld_dia872_utt4,0
P3-09,172,meld_dia926_utt5,0
P3-09,173,iemocap_Ses01M_script01_1_M020,0
P3-09,174,chsims_video_0013_0022,0
P3-09,175,mosi_tStelxIAHjw_2,0
P3-09,176,chsims_video_0017_0016,0
P3-09,177,mosi_Oz06ZWiO20M_9,0
P3-09,178,chsims_video_0020_0004,0
P3-09,179,meld_dia541_utt14,1
P3-09,180,mustard_2_430,1
P3-09,181,mustard_1_12002,0
P3-09,182,chsims_video_0032_0001,0
P3-09,183,iemocap_Ses05M_impro01_M014,0
P3-09,184,chsims_video_0016_0036,0
P3-09,185,chsims_video_0053_0028,0
P3-09,186,meld_dia256_utt10,0
P3-10,0,chsims_video_0024_0076,0
P3-10,1,mosi_9qR7uwkblbs_29,0
P3-10,2,meld_dia920_utt3,0
P3-10,3,iemocap_Ses05M_script01_3_F005,0
P3-10,4,chsims_csbgs2_0003_00011,0
P3-10,5,iemocap_Ses05M_script01_3_F026,0
P3-10,6,meld_dia558_utt0,0
P3-10,7,iemocap_Ses02M_script03_2_F038,0
P3-10,8,meld_dia905_utt16,1
P3-10,9,mustard_2_34,0
P3-10,10,mosi_rnaNMUZpvvg_17,0
P3-10,11,chsims_aqgy4_0005_00021,1
P3-10,12,chsims_aqgy5_0009_00028,0
P3-10,13,chsims_aqgy5_0020_00027,1
P3-10,14,iemocap_Ses03M_impro05a_M012,0
P3-10,15,chsims_video_0022_0007,0
P3-10,16,mustard_1_8452,0
P3-10,17,iemocap_Ses02F_script02_2_M032,0
P3-10,18,chsims_video_0010_0018,0
P3-10,19,mosi_0h-zjBukYpk_24,1
P3-10,20,meld_dia703_utt3,0
P3-10,21,iemocap_Ses04F_impro03_M043,1
P3-10,22,mustard_1_11253,0
P3-10,23,chsims_aqgy4_0001_00026,0
P3-10,24,mosi_OtBXNcAL_lE_21,1
P3-10,25,chsims_video_0001_0027,0
P3-10,26,meld_dia1025_utt12,0
P3-10,27,meld_dia946_utt8,0
P3-10,28,chsims_video_0016_0010,0
P3-10,29,mosi_zhpQhgha_KU_7,0
P3-10,30,chsims_video_0046_0028,0
P3-10,31,meld_dia950_utt1,0
P3-10,32,meld_dia997_utt7,0
P3-10,33,mustard_2_222,0
P3-10,34,meld_dia445_utt20,0
P3-10,35,chsims_aqgy4_0004_00004,0
P3-10,36,meld_dia767_utt6,0
P3-10,37,meld_dia755_utt3,0
P3-10,38,chsims_video_0058_0009,0
P3-10,39,chsims_aqgy5_0027_00001,0
P3-10,40,meld_dia739_utt10,0
P3-10,41,iemocap_Ses03F_impro08_M026,0
P3-10,42,iemocap_Ses01M_script01_1_F030,0
P3-10,43,meld_dia940_utt3,0
P3-10,44,mosi_d6hH302o4v8_1,1
P3-10,45,iemocap_Ses05F_impro02_M016,0
P3-10,46,iemocap_Ses02M_script02_1_M014,0
P3-10,47,chsims_video_0054_0073,0
P3-10,48,chsims_aqgy4_0001_00043,0
P3-10,49,meld_dia258_utt4,0
P3-10,50,meld_dia929_utt0,0
P3-10,51,mosi_Njd1F0vZSm4_7,1
P3-10,52,iemocap_Ses05F_script03_2_M002,0
P3-10,53,mosi_ob23OKe5a9Q_10,1
P3-10,54,chsims_aqgy5_0016_00038,1
P3-10,55,mosi_c7UH_rxdZv4_6,0
P3-10,56,meld_dia610_utt6,0
P3-10,57,mosi_9qR7uwkblbs_13,0
P3-10,58,iemocap_Ses01M_impro07_M001,1
P3-10,59,chsims_aqgy4_0019_00006,0
P3-10,60,meld_dia947_utt2,0
P3-10,61,chsims_video_0034_0009,0
P3-10,62,meld_dia1_utt1,0
P3-10,63,mustard_2_457,0
P3-10,64,iemocap_Ses02F_script01_1_M030,0
P3-10,65,iemocap_Ses05M_script01_1_M020,0
P3-10,66,iemocap_Ses04F_script01_1_F019,0
P3-10,67,mustard_2_69,0
P3-10,68,mosi_9J25DZhivz8_18,0
P3-10,69,iemocap_Ses01M_impro07_M002,0
P3-10,70,chsims_aqgy5_0010_00011,0
P3-10,71,mosi_lXPQBPVc5Cw_20,0
P3-10,72,meld_dia184_utt19,0
P3-10,73,chsims_video_0048_0002,1
P3-10,74,mustard_2_456,1
P3-10,75,meld_dia839_utt12,0
P3-10,76,chsims_aqgy5_0007_00026,0
P3-10,77,mosi_Iu2PFX3z_1s_4,0
P3-10,78,meld_dia95_utt8,0
P3-10,79,mustard_2_15,1
P3-10,80,meld_dia455_utt7,0
P3-10,81,iemocap_Ses05F_script03_1_F020,0
P3-10,82,mustard_1_7281,0
P3-10,83,iemocap_Ses03M_script01_1_F037,0
P3-10,84,iemocap_Ses04M_impro01_M016,0
P3-10,85,iemocap_Ses05F_script01_3_M025,0
P3-10,86,iemocap_Ses01M_script01_3_M043,0
P3-10,87,chsims_video_0059_0002,0
P3-10,88,mosi_W8NXH0Djyww_18,0
P3-10,89,meld_dia327_utt6,0
P3-10,90,meld_dia438_utt11,0
P3-10,91,mustard_2_322,1
P3-10,92,meld_dia9_utt3,0
P3-10,93,chsims_video_0027_0024,1
P3-10,94,meld_dia830_utt6,0
P3-10,95,mustard_1_10810,0
P3-10,96,mosi_9qR7uwkblbs_25,0
P3-10,97,chsims_aqgy4_0018_00021,0
P3-10,98,meld_dia3_utt0,1
P3-10,99,mosi_9T9Hf74oK10_2,0
P3-10,100,mosi_lXPQBPVc5Cw_1,0
P3-10,101,chsims_video_0051_0055,1
P3-10,102,meld_dia657_utt10,0
P3-10,103,mustard_2_223,0
P3-10,104,meld_dia56_utt0,0
P3-10,105,mustard_2_443,0
P3-10,106,chsims_aqgy5_0025_00021,0
P3-10,107,iemocap_Ses02M_impro05_F018,0
P3-10,108,meld_dia63_utt4,1
P3-10,109,iemocap_Ses01M_script03_2_F003,0
P3-10,110,meld_dia163_utt4,1
P3-10,111,mustard_1_11306,0
P3-10,112,iemocap_Ses03F_script03_1_F012,1
P3-10,113,iemocap_Ses01F_impro07_M014,0
P3-10,114,chsims_aqgy5_0008_00001,0
P3-10,115,iemocap_Ses02M_impro07_F017,0
P3-10,116,mosi_BioHAh1qJAQ_24,0
P3-10,117,chsims_video_xjzw_00001,0
P3-10,118,iemocap_Ses02F_script03_2_F036,0
P3-10,119,chsims_video_0060_0039,1
P3-10,120,meld_dia767_utt2,0
P3-10,121,iemocap_Ses04M_impro02_M026,0
P3-10,122,mosi_cW1FSBF59ik_20,0
P3-10,123,meld_dia777_utt9,0
P3-10,124,chsims_video_0025_0029,0
P3-10,125,meld_dia62_utt1,0
P3-10,126,chsims_aqgy5_0008_00032,0
P3-10,127,meld_dia138_utt5,0
P3-10,128,mosi_OtBXNcAL_lE_4,0
P3-10,129,meld_dia307_utt9,0
P3-10,130,meld_dia916_utt12,0
P3-10,131,mustard_1_6092,0
P3-10,132,mustard_1_6769,0
P3-10,133,iemocap_Ses02M_impro07_M003,1
P3-10,134,meld_dia689_utt6,0
P3-10,135,mosi_W8NXH0Djyww_16,0
P3-10,136,meld_dia598_utt4,0
P3-10,137,iemocap_Ses03F_script02_1_F007,0
P3-10,138,iemocap_Ses04F_script03_1_M028,1
P3-10,139,chsims_video_0051_0026,0
P3-10,140,mosi_OtBXNcAL_lE_5,0
P3-10,141,meld_dia412_utt8,0
P3-10,142,chsims_video_0055_0017,0
P3-10,143,chsims_aqgy3_0005_00000,0
P3-10,144,iemocap_Ses04M_script03_2_F044,0
P3-10,145,chsims_aqgy4_0012_00028,0
P3-10,146,iemocap_Ses04F_script03_2_F040,0
P3-10,147,meld_dia645_utt6,1
P3-10,148,mosi_BvYR0L6f2Ig_7,1
P3-10,149,iemocap_Ses02F_script01_3_F003,0
P3-10,150,chsims_video_0016_0034,0
P3-10,151,chsims_aqgy4_0020_00013,0
P3-10,152,mustard_1_7402,0
P3-10,153,chsims_video_xjzw_00059,0
P3-10,154,meld_dia814_utt2,0
P3-10,155,meld_dia717_utt4,1
P3-10,156,chsims_video_0040_0015,0
P3-10,157,iemocap_Ses05M_script01_3_M038,0
P3-10,158,meld_dia702_utt2,0
P3-10,159,chsims_aqgy5_0028_00040,0
P3-10,160,iemocap_Ses01M_impro01_M019,0
P3-10,161,iemocap_Ses05M_impro01_M004,0
P3-10,162,chsims_video_0042_0012,0
P3-10,163,mosi_nbWiPyCm4g0_4,0
P3-10,164,chsims_video_0057_0020,0
P3-10,165,chsims_video_0041_0015,0
P3-10,166,meld_dia480_utt4,0
P3-10,167,meld_dia727_utt1,0
P3-10,168,iemocap_Ses04M_script01_1_F005,0
P3-10,169,chsims_test6_00004,0
P3-10,170,meld_dia657_utt4,1
P3-10,171,mosi_X3j2zQgwYgE_3,0
P3-10,172,chsims_aqgy4_0008_00035,0
P3-10,173,mustard_1_6113,0
P3-10,174,iemocap_Ses03F_impro06_F010,0
P3-10,175,mustard_1_182,1
P3-10,176,mosi_c7UH_rxdZv4_9,0
P3-10,177,meld_dia932_utt7,0
P3-10,178,meld_dia337_utt17,0
P3-10,179,mosi_I5y0__X72p0_17,0
P3-10,180,meld_dia366_utt5,0
P3-10,181,chsims_video_0040_0044,0
P3-10,182,iemocap_Ses04F_impro01_F006,0
P3-10,183,chsims_csbgs2_0003_00007,0
P3-10,184,iemocap_Ses05F_script03_2_M025,0
P3-10,185,iemocap_Ses03M_impro01_F007,1
P3-10,186,chsims_video_0023_0008,0
P3-11,0,meld_dia204_utt12,0
P3-11,1,meld_dia1030_utt3,0
P3-11,2,iemocap_Ses03M_script02_1_M002,1
P3-11,3,meld_dia991_utt7,0
P3-11,4,mosi_9qR7uwkblbs_12,0
P3-11,5,meld_dia351_utt10,0
P3-11,6,iemocap_Ses02F_script03_2_M005,0
P3-11,7,meld_dia623_utt3,0
P3-11,8,chsims_video_0042_0014,0
P3-11,9,chsims_video_0054_0131,0
P3-11,10,mustard_1_7395,1
P3-11,11,meld_dia457_utt1,0
P3-11,12,chsims_video_0032_0004,0
P3-11,13,meld_dia960_utt10,0
P3-11,14,iemocap_Ses03M_script02_2_F048,0
P3-11,15,meld_dia374_utt13,0
P3-11,16,mustard_1_4850,1
P3-11,17,chsims_aqgy5_0019_00015,0
P3-11,18,meld_dia614_utt5,1
P3-11,19,mosi_1iG0909rllw_17,0
P3-11,20,mosi_tIrG4oNLFzE_10,0
P3-11,21,iemocap_Ses01M_script03_1_M016,0
P3-11,22,iemocap_Ses01M_impro05_F007,0
P3-11,23,chsims_aqgy5_0001_00013,1
P3-11,24,mustard_1_10829,0
P3-11,25,chsims_video_0006_0014,0
P3-11,26,mustard_1_5758,1
P3-11,27,iemocap_Ses04F_script02_1_M029,0
P3-11,28,iemocap_Ses02M_script01_1_F027,0
P3-11,29,mosi_iiK8YX8oH1E_14,1
P3-11,30,chsims_aqgy4_0005_00028,0
P3-11,31,chsims_aqgy5_0005_00025,0
P3-11,32,chsims_video_0023_0014,0
P3-11,33,chsims_aqgy4_0001_00048,0
P3-11,34,mosi_etzxEpPuc6I_7,1
P3-11,35,mustard_1_6134,0
P3-11,36,meld_dia296_utt14,0
P3-11,37,chsims_aqgy5_0020_00015,0
P3-11,38,mustard_1_7186,0
P3-11,39,mosi_2WGyTLYerpo_58,0
P3-11,40,iemocap_Ses04F_script02_1_F014,0
P3-11,41,mosi_tIrG4oNLFzE_16,1
P3-11,42,meld_dia444_utt0,0
P3-11,43,iemocap_Ses01F_script01_2_F006,0
P3-11,44,iemocap_Ses02M_script01_2_F010,0
P3-11,45,iemocap_Ses04M_script02_2_F008,1
P3-11,46,chsims_video_0023_0026,0
P3-11,47,iemocap_Ses02F_impro02_F007,0
P3-11,48,iemocap_Ses03F_script01_3_F004,0
P3-11,49,iemocap_Ses04M_impro05_F011,0
P3-11,50,meld_dia53_utt2,0
P3-11,51,iemocap_Ses02F_script02_2_M028,0
P3-11,52,meld_dia573_utt10,0
P3-11,53,chsims_aqgy5_0014_00044,0
P3-11,54,meld_dia843_utt7,0
P3-11,55,meld_dia657_utt4,1
P3-11,56,chsims_video_0015_0032,0
P3-11,57,chsims_video_0015_0035,0
P3-11,58,iemocap_Ses05M_script03_1_F019,0
P3-11,59,meld_dia546_utt12,0
P3-11,60,meld_dia514_utt7,0
P3-11,61,mosi_lXPQBPVc5Cw_14,1
P3-11,62,chsims_aqgy5_0003_00002,0
P3-11,63,iemocap_Ses05F_script03_2_F026,0
P3-11,64,chsims_aqgy5_0022_00002,0
P3-11,65,meld_dia12_utt9,0
P3-11,66,mustard_1_8136,0
P3-11,67,mustard_1_5627,1
P3-11,68,iemocap_Ses05M_script03_1_M023,0
P3-11,69,iemocap_Ses01M_impro07_M025,0
P3-11,70,chsims_aqgy3_0008_00013,0
P3-11,71,iemocap_Ses03F_script02_2_F024,0
P3-11,72,meld_dia989_utt11,0
P3-11,73,chsims_aqgy4_0016_00020,0
P3-11,74,iemocap_Ses02M_impro08_M017,0
P3-11,75,iemocap_Ses05M_impro01_F013,0
P3-11,76,meld_dia508_utt14,0
P3-11,77,mustard_2_376,1
P3-11,78,iemocap_Ses05M_script01_1_M025,0
P3-11,79,mosi_c5xsKMxpXnc_6,0
P3-11,80,mosi_lXPQBPVc5Cw_30,0
P3-11,81,mustard_2_508,1
P3-11,82,meld_dia357_utt1,0
P3-11,83,chsims_video_xjzw_00009,0
P3-11,84,iemocap_Ses03F_impro02_F018,0
P3-11,85,meld_dia206_utt5,0
P3-11,86,iemocap_Ses05M_impro08_F024,0
P3-11,87,meld_dia404_utt15,0
P3-11,88,iemocap_Ses03M_script01_1_M002,0
P3-11,89,meld_dia147_utt7,0
P3-11,90,meld_dia299_utt3,0
P3-11,91,iemocap_Ses03F_script02_1_F018,0
P3-11,92,chsims_aqgy4_0003_00004,0
P3-11,93,iemocap_Ses05M_impro02_F019,0
P3-11,94,chsims_aqgy5_0006_00019,0
P3-11,95,mosi_7JsX8y1ysxY_17,0
P3-11,96,meld_dia676_utt2,0
P3-11,97,iemocap_Ses04M_script02_1_F008,0
P3-11,98,meld_dia200_utt9,0
P3-11,99,meld_dia58_utt7,0
P3-11,100,mosi_Qr1Ca94K55A_12,0
P3-11,101,chsims_aqgy3_0001_00006,0
P3-11,102,meld_dia446_utt5,0
P3-11,103,meld_dia344_utt3,0
P3-11,104,chsims_video_0005_0017,0
P3-11,105,meld_dia163_utt4,1
P3-11,106,meld_dia839_utt13,0
P3-11,107,chsims_aqgy3_0001_00010,0
P3-11,108,meld_dia219_utt7,0
P3-11,109,mustard_2_511,1
P3-11,110,chsims_video_0009_0032,0
P3-11,111,chsims_aqgy5_0027_00002,0
P3-11,112,iemocap_Ses05F_script02_2_F031,0
P3-11,113,iemocap_Ses03M_impro02_M020,0
P3-11,114,meld_dia832_utt11,0
P3-11,115,iemocap_Ses03M_script01_3_F018,0
P3-11,116,mosi_9qR7uwkblbs_31,0
P3-11,117,iemocap_Ses05F_impro03_M019,0
P3-11,118,meld_dia477_utt10,1
P3-11,119,meld_dia555_utt1,0
P3-11,120,chsims_aqgy4_0012_00051,0
P3-11,121,iemocap_Ses01M_script01_1_M013,0
P3-11,122,mustard_1_9245,0
P3-11,123,chsims_video_0026_0002,0
P3-11,124,iemocap_Ses01F_script01_1_F036,0
P3-11,125,chsims_video_0010_0004,0
P3-11,126,iemocap_Ses05F_impro03_F020,0
P3-11,127,mosi_bOL9jKpeJRs_23,0
P3-11,128,iemocap_Ses04M_script01_1_F030,0
P3-11,129,iemocap_Ses02M_impro03_F020,0
P3-11,130,mustard_2_434,1
P3-11,131,chsims_video_0006_0012,0
P3-11,132,iemocap_Ses05M_impro01_M010,0
P3-11,133,chsims_aqgy5_0031_00040,0
P3-11,134,iemocap_Ses04F_impro02_F002,0
P3-11,135,iemocap_Ses05F_impro08_M001,0
P3-11,136,iemocap_Ses02M_impro03_F014,0
P3-11,137,meld_dia271_utt9,0
P3-11,138,mosi_lXPQBPVc5Cw_2,0
P3-11,139,chsims_video_0029_0023,0
P3-11,140,meld_dia728_utt11,0
P3-11,141,iemocap_Ses04F_script03_1_F024,0
P3-11,142,mosi_k5Y_838nuGo_5,1
P3-11,143,iemocap_Ses04M_impro05_M033,1
P3-11,144,chsims_video_0056_0036,0
P3-11,145,iemocap_Ses04M_script02_1_M016,0
P3-11,146,iemocap_Ses01M_script02_1_M024,1
P3-11,147,meld_dia615_utt18,1
P3-11,148,iemocap_Ses01M_impro04_M002,0
P3-11,149,iemocap_Ses03M_impro08a_F003,0
P3-11,150,chsims_aqgy5_0031_00008,0
P3-11,151,meld_dia666_utt9,1
P3-11,152,meld_dia367_utt14,1
P3-11,153,mosi_zhpQhgha_KU_3,1
P3-11,154,meld_dia791_utt10,0
P3-11,155,chsims_video_0054_0168,0
P3-11,156,mustard_1_533,0
P3-11,157,meld_dia64_utt6,0
P3-11,158,iemocap_Ses02M_script02_1_M042,0
P3-11,159,iemocap_Ses01M_impro05_M029,0
P3-11,160,meld_dia372_utt2,0
P3-11,161,meld_dia936_utt11,0
P3-11,162,chsims_aqgy5_0016_00042,1
P3-11,163,iemocap_Ses01M_script02_2_F016,0
P3-11,164,meld_dia199_utt10,0
P3-11,165,meld_dia365_utt9,0
P3-11,166,chsims_aqgy5_0022_00015,0
P3-11,167,iemocap_Ses05M_script01_1_F029,1
P3-11,168,chsims_video_0025_0006,0
P3-11,169,meld_dia346_utt6,0
P3-11,170,meld_dia94_utt15,0
P3-11,171,iemocap_Ses04M_script03_1_M025,0
P3-11,172,chsims_aqgy3_0003_00010,0
P3-11,173,meld_dia601_utt0,1
P3-11,174,meld_dia504_utt12,0
P3-11,175,mustard_2_493,0
P3-11,176,meld_dia712_utt7,0
P3-11,177,chsims_video_xjzw_00003,0
P3-11,178,chsims_aqgy3_0003_00000,0
P3-11,179,mustard_2_586,1
P3-11,180,meld_dia175_utt2,0
P3-11,181,chsims_video_0002_0028,0
P3-11,182,meld_dia487_utt0,0
P3-11,183,meld_dia792_utt15,0
P3-11,184,meld_dia405_utt0,0
P3-11,185,mosi_lXPQBPVc5Cw_21,0
P3-11,186,chsims_video_0051_0006,0
P3-12,0,mustard_1_3069,0
P3-12,1,mustard_1_10496,0
P3-12,2,mustard_2_376,1
P3-12,3,meld_dia258_utt6,0
P3-12,4,mosi_BioHAh1qJAQ_16,0
P3-12,5,chsims_video_0045_0020,0
P3-12,6,mosi_8d-gEyoeBzc_20,0
P3-12,7,meld_dia538_utt0,0
P3-12,8,iemocap_Ses03F_script02_1_F012,1
P3-12,9,iemocap_Ses02M_script02_2_F010,1
P3-12,10,meld_dia241_utt13,0
P3-12,11,mosi_tmZoasNr4rU_13,1
P3-12,12,iemocap_Ses05F_script03_1_F016,0
P3-12,13,chsims_video_0060_0036,0
P3-12,14,chsims_aqgy5_0028_00004,0
P3-12,15,iemocap_Ses02F_script01_1_F031,0
P3-12,16,iemocap_Ses01M_script03_1_F019,0
P3-12,17,meld_dia815_utt2,1
P3-12,18,mustard_1_7722,1
P3-12,19,meld_dia319_utt16,0
P3-12,20,meld_dia152_utt10,0
P3-12,21,meld_dia522_utt2,0
P3-12,22,chsims_video_0009_0002,0
P3-12,23,iemocap_Ses01M_impro07_F019,0
P3-12,24,meld_dia698_utt5,0
P3-12,25,chsims_aqgy5_0009_00033,1
P3-12,26,mosi_c7UH_rxdZv4_26,0
P3-12,27,chsims_aqgy3_0002_00021,0
P3-12,28,chsims_video_0014_0010,0
P3-12,29,meld_dia463_utt12,0
P3-12,30,mosi_c7UH_rxdZv4_23,0
P3-12,31,chsims_video_xjzw_00037,0
P3-12,32,chsims_aqgy4_0008_00037,0
P3-12,33,mosi_rnaNMUZpvvg_1,0
P3-12,34,meld_dia130_utt14,0
P3-12,35,iemocap_Ses02F_script03_1_M032,0
P3-12,36,chsims_video_0023_0018,0
P3-12,37,iemocap_Ses04M_script01_1_F029,0
P3-12,38,meld_dia507_utt4,0
P3-12,39,chsims_video_0027_0034,0
P3-12,40,mosi_8qrpnFRGt2A_6,0
P3-12,41,chsims_aqgy5_0016_00035,0
P3-12,42,iemocap_Ses01F_script03_1_F028,0
P3-12,43,chsims_video_0009_0024,0
P3-12,44,iemocap_Ses02M_script01_1_M027,0
P3-12,45,chsims_aqgy5_0013_00020,0
P3-12,46,chsims_aqgy4_0022_00009,0
P3-12,47,iemocap_Ses05F_script01_1_M009,0
P3-12,48,chsims_video_0003_0005,0
P3-12,49,iemocap_Ses04F_script02_1_F002,1
P3-12,50,mustard_2_587,0
P3-12,51,chsims_aqgy5_0014_00002,0
P3-12,52,chsims_aqgy5_0020_00019,0
P3-12,53,iemocap_Ses05M_impro03_F016,0
P3-12,54,chsims_video_0056_0050,0
P3-12,55,iemocap_Ses03F_impro03_M004,0
P3-12,56,meld_dia770_utt9,0
P3-12,57,iemocap_Ses04M_script02_2_F014,0
P3-12,58,chsims_video_0038_0025,0
P3-12,59,iemocap_Ses02F_script02_2_F029,0
P3-12,60,meld_dia477_utt10,1
P3-12,61,iemocap_Ses01M_script02_1_M024,1
P3-12,62,meld_dia571_utt11,0
P3-12,63,mosi_tmZoasNr4rU_7,1
P3-12,64,meld_dia816_utt0,0
P3-12,65,iemocap_Ses02F_script01_3_M031,0
P3-12,66,chsims_aqgy3_0007_00000,0
P3-12,67,mosi_etzxEpPuc6I_9,0
P3-12,68,meld_dia941_utt2,0
P3-12,69,meld_dia84_utt1,0
P3-12,70,iemocap_Ses05F_script03_1_F025,0
P3-12,71,chsims_video_0059_0005,0
P3-12,72,iemocap_Ses05F_script01_1_M021,0
P3-12,73,chsims_video_0013_0034,0
P3-12,74,meld_dia148_utt7,1
P3-12,75,mosi_HEsqda8_d0Q_14,0
P3-12,76,mustard_1_213,1
P3-12,77,mosi_cW1FSBF59ik_16,0
P3-12,78,chsims_video_0009_0021,0
P3-12,79,iemocap_Ses05F_script01_3_M014,0
P3-12,80,chsims_aqgy5_0012_00008,0
P3-12,81,meld_dia54_utt13,0
P3-12,82,meld_dia99_utt7,0
P3-12,83,chsims_video_0060_0020,0
P3-12,84,mosi_9qR7uwkblbs_23,0
P3-12,85,chsims_video_0013_0035,0
P3-12,86,mosi_POKffnXeBds_1,0
P3-12,87,mustard_1_9971,1
P3-12,88,meld_dia129_utt5,0
P3-12,89,iemocap_Ses05M_script03_1_F029,1
P3-12,90,mosi_wMbj6ajWbic_5,1
P3-12,91,meld_dia905_utt1,0
P3-12,92,mosi_rnaNMUZpvvg_14,0
P3-12,93,chsims_video_0024_0071,0
P3-12,94,iemocap_Ses01M_impro05_F009,0
P3-12,95,iemocap_Ses04F_script03_2_F020,0
P3-12,96,mustard_1_10462,0
P3-12,97,meld_dia188_utt3,0
P3-12,98,iemocap_Ses04M_script01_1_M034,1
P3-12,99,chsims_video_0027_0001,0
P3-12,100,mosi_d6hH302o4v8_19,0
P3-12,101,meld_dia1029_utt0,0
P3-12,102,mustard_2_345,0
P3-12,103,mustard_2_548,0
P3-12,104,chsims_test12_00024,0
P3-12,105,iemocap_Ses03M_impro06_M028,0
P3-12,106,mosi_ZUXBRvtny7o_28,1
P3-12,107,mustard_2_591,0
P3-12,108,chsims_video_0036_0012,0
P3-12,109,iemocap_Ses05M_impro04_M002,0
P3-12,110,meld_dia39_utt15,1
P3-12,111,meld_dia972_utt7,0
P3-12,112,chsims_video_0051_0044,0
P3-12,113,chsims_test5_00007,0
P3-12,114,meld_dia304_utt6,0
P3-12,115,mustard_2_280,0
P3-12,116,chsims_aqgy4_0012_00019,0
P3-12,117,mosi_Nzq88NnDkEk_16,0
P3-12,118,meld_dia902_utt15,0
P3-12,119,iemocap_Ses04M_script01_3_F025,0
P3-12,120,meld_dia791_utt12,0
P3-12,121,iemocap_Ses04M_script02_2_F027,0
P3-12,122,mustard_1_4576,1
P3-12,123,iemocap_Ses02M_script02_2_M009,0
P3-12,124,meld_dia640_utt15,0
P3-12,125,mosi_lXPQBPVc5Cw_5,0
P3-12,126,chsims_video_0005_0009,0
P3-12,127,mosi_rnaNMUZpvvg_22,0
P3-12,128,meld_dia102_utt0,0
P3-12,129,mosi__dI--eQ6qVU_19,0
P3-12,130,meld_dia358_utt11,0
P3-12,131,mosi_d6hH302o4v8_26,0
P3-12,132,mosi_03bSnISJMiM_12,0
P3-12,133,mustard_1_10495,0
P3-12,134,iemocap_Ses04F_impro02_M010,1
P3-12,135,meld_dia425_utt2,0
P3-12,136,meld_dia69_utt5,0
P3-12,137,iemocap_Ses02F_script02_2_M031,0
P3-12,138,chsims_video_xjzw_00020,0
P3-12,139,meld_dia232_utt5,0
P3-12,140,chsims_aqgy5_0014_00037,0
P3-12,141,iemocap_Ses02M_script01_1_F000,0
P3-12,142,mustard_2_380,1
P3-12,143,mustard_2_508,1
P3-12,144,meld_dia390_utt0,0
P3-12,145,meld_dia512_utt13,1
P3-12,146,chsims_csbgs2_0003_00012,0
P3-12,147,iemocap_Ses02F_impro05_M010,1
P3-12,148,mustard_1_1470,0
P3-12,149,meld_dia664_utt1,1
P3-12,150,iemocap_Ses04M_impro06_F003,0
P3-12,151,chsims_video_0025_0014,0
P3-12,152,mosi_aiEXnCPZubE_2,0
P3-12,153,mosi_BioHAh1qJAQ_23,0
P3-12,154,meld_dia240_utt6,0
P3-12,155,meld_dia450_utt12,0
P3-12,156,iemocap_Ses01M_impro01_F015,0
P3-12,157,iemocap_Ses02M_script02_2_F005,0
P3-12,158,iemocap_Ses04F_impro07_M085,0
P3-12,159,mosi_v0zCBqDeKcE_12,0
P3-12,160,chsims_video_0029_0005,0
P3-12,161,mosi_2WGyTLYerpo_19,1
P3-12,162,iemocap_Ses04F_script03_1_F017,0
P3-12,163,chsims_video_xjzw_00043,1
P3-12,164,chsims_csbgs2_0002_00007,0
P3-12,165,iemocap_Ses05M_impro06_M008,0
P3-12,166,chsims_video_0056_0040,0
P3-12,167,meld_dia474_utt0,0
P3-12,168,chsims_aqgy5_0007_00037,0
P3-12,169,meld_dia822_utt0,0
P3-12,170,iemocap_Ses04F_script03_1_F018,0
P3-12,171,mosi_yDtzw_Y-7RU_20,0
P3-12,172,iemocap_Ses05M_script01_3_M020,0
P3-12,173,iemocap_Ses05M_script02_2_F015,0
P3-12,174,mustard_2_92,0
P3-12,175,iemocap_Ses05F_impro03_M039,0
P3-12,176,chsims_video_0052_0013,0
P3-12,177,meld_dia76_utt7,0
P3-12,178,meld_dia915_utt7,0
P3-12,179,iemocap_Ses02M_script02_2_F036,0
P3-12,180,mosi_yDtzw_Y-7RU_16,0
P3-12,181,mosi_bvLlb-M3UXU_3,1
P3-12,182,chsims_video_0002_0033,0
P3-12,183,iemocap_Ses05M_impro03_F025,0
P3-12,184,iemocap_Ses03F_script03_2_M021,0
P3-12,185,chsims_video_0048_0006,1
P3-12,186,iemocap_Ses02M_impro07_M021,0
P3-13,0,chsims_aqgy4_0020_00005,0
P3-13,1,iemocap_Ses04F_script01_2_F003,0
P3-13,2,iemocap_Ses04F_impro08_M023,0
P3-13,3,iemocap_Ses02M_impro02_M018,0
P3-13,4,chsims_video_0046_0034,1
P3-13,5,mosi_BI97DNYfe5I_8,0
P3-13,6,iemocap_Ses03F_impro07_F014,0
P3-13,7,iemocap_Ses05M_script02_2_M009,0
P3-13,8,meld_dia803_utt0,0
P3-13,9,meld_dia649_utt0,0
P3-13,10,iemocap_Ses03M_impro03_M005,1
P3-13,11,iemocap_Ses05M_impro08_F004,0
P3-13,12,iemocap_Ses05F_script03_2_M038,0
P3-13,13,iemocap_Ses05M_impro02_M025,0
P3-13,14,iemocap_Ses05F_impro03_M006,0
P3-13,15,mustard_2_247,0
P3-13,16,mosi_VbQk4H8hgr0_41,1
P3-13,17,chsims_aqgy4_0005_00008_0,1
P3-13,18,meld_dia478_utt0,0
P3-13,19,chsims_video_0049_0002,0
P3-13,20,chsims_aqgy4_0018_00001,1
P3-13,21,meld_dia863_utt2,0
P3-13,22,iemocap_Ses02M_impro04_F005,0
P3-13,23,meld_dia315_utt1,0
P3-13,24,iemocap_Ses02M_impro07_M003,1
P3-13,25,mustard_1_11232,0
P3-13,26,meld_dia300_utt12,0
P3-13,27,iemocap_Ses04M_impro02_M035,0
P3-13,28,chsims_video_0060_0005,0
P3-13,29,meld_dia673_utt19,0
P3-13,30,meld_dia834_utt0,0
P3-13,31,chsims_video_0035_0031,0
P3-13,32,meld_dia640_utt12,0
P3-13,33,iemocap_Ses05M_impro07_M019,0
P3-13,34,meld_dia304_utt8,0
P3-13,35,iemocap_Ses03M_script03_2_M022,0
P3-13,36,meld_dia342_utt19,0
P3-13,37,mosi_c5xsKMxpXnc_5,0
P3-13,38,iemocap_Ses03M_script02_1_M037,0
P3-13,39,iemocap_Ses05F_impro03_F027,0
P3-13,40,iemocap_Ses01M_script03_2_F006,0
P3-13,41,iemocap_Ses04M_script03_1_F001,0
P3-13,42,mustard_2_589,0
P3-13,43,chsims_aqgy5_0016_00044,1
P3-13,44,iemocap_Ses02F_impro01_F005,0
P3-13,45,mosi_c7UH_rxdZv4_24,0
P3-13,46,iemocap_Ses05F_impro02_F015,0
P3-13,47,chsims_video_0018_0008,0
P3-13,48,iemocap_Ses03M_impro05b_M026,0
P3-13,49,chsims_video_0051_0069,0
P3-13,50,mustard_1_5212,0
P3-13,51,meld_dia718_utt0,0
P3-13,52,chsims_aqgy5_0009_00023,0
P3-13,53,meld_dia938_utt7,0
P3-13,54,chsims_aqgy4_0002_00008,0
P3-13,55,mosi_lXPQBPVc5Cw_7,0
P3-13,56,meld_dia905_utt16,1
P3-13,57,meld_dia498_utt4,1
P3-13,58,mosi_POKffnXeBds_2,0
P3-13,59,meld_dia81_utt6,0
P3-13,60,chsims_video_0046_0021,0
P3-13,61,mosi_rnaNMUZpvvg_2,0
P3-13,62,meld_dia222_utt0,0
P3-13,63,chsims_aqgy4_0014_00005,0
P3-13,64,mosi_HEsqda8_d0Q_13,0
P3-13,65,chsims_aqgy5_0011_00007,0
P3-13,66,chsims_aqgy4_0012_00012,0
P3-13,67,chsims_video_0041_0028,1
P3-13,68,meld_dia542_utt2,0
P3-13,69,chsims_aqgy4_0020_00010,0
P3-13,70,meld_dia46_utt9,1
P3-13,71,meld_dia354_utt0,0
P3-13,72,iemocap_Ses03M_script01_2_F013,0
P3-13,73,meld_dia855_utt5,0
P3-13,74,iemocap_Ses05F_impro03_M064,1
P3-13,75,mosi_f_pcplsH_V0_1,1
P3-13,76,chsims_csbgs2_0001_00001,0
P3-13,77,chsims_video_0054_0135,0
P3-13,78,mosi_Vj1wYRQjB-o_6,0
P3-13,79,meld_dia66_utt7,0
P3-13,80,chsims_video_0060_0031,0
P3-13,81,iemocap_Ses04M_script01_1_F013,0
P3-13,82,mustard_1_11928,1
P3-13,83,iemocap_Ses01F_script03_2_M025,0
P3-13,84,chsims_video_0003_0004,0
P3-13,85,iemocap_Ses04M_impro01_F018,0
P3-13,86,chsims_test14_00013,0
P3-13,87,mosi_2iD-tVS8NPw_27,1
P3-13,88,mustard_2_416,0
P3-13,89,iemocap_Ses02F_script03_2_M013,0
P3-13,90,chsims_video_0029_0006,0
P3-13,91,iemocap_Ses05F_impro04_F022,0
P3-13,92,chsims_aqgy5_0031_00015,0
P3-13,93,iemocap_Ses01F_impro03_M003,0
P3-13,94,meld_dia287_utt3,0
P3-13,95,chsims_aqgy4_0001_00021,0
P3-13,96,meld_dia279_utt0,0
P3-13,97,iemocap_Ses03M_impro01_F023,1
P3-13,98,iemocap_Ses02M_script01_1_M022,0
P3-13,99,chsims_video_0016_0005,1
P3-13,100,meld_dia946_utt7,0
P3-13,101,iemocap_Ses04M_script03_1_F019,1
P3-13,102,iemocap_Ses02M_script03_1_M014,0
P3-13,103,iemocap_Ses01F_script03_2_F025,0
P3-13,104,iemocap_Ses02M_script01_2_F012,0
P3-13,105,iemocap_Ses03F_script01_1_F001,0
P3-13,106,iemocap_Ses05M_script02_2_F010,0
P3-13,107,meld_dia289_utt2,0
P3-13,108,iemocap_Ses04M_impro02_F015,0
P3-13,109,iemocap_Ses01F_impro07_F003,1
P3-13,110,meld_dia89_utt4,0
P3-13,111,chsims_csbgs2_0001_00010,0
P3-13,112,iemocap_Ses03F_script03_2_F037,0
P3-13,113,iemocap_Ses01F_script02_2_M002,0
P3-13,114,chsims_video_0015_0030,0
P3-13,115,iemocap_Ses05F_script03_2_M040,0
P3-13,116,iemocap_Ses03M_script02_2_M015,0
P3-13,117,mustard_2_35,0
P3-13,118,mosi_atnd_PF-Lbs_17,0
P3-13,119,mustard_1_5964,0
P3-13,120,iemocap_Ses01F_script01_1_M009,1
P3-13,121,mosi_2WGyTLYerpo_32,0
P3-13,122,meld_dia122_utt1,0
P3-13,123,mosi_2WGyTLYerpo_22,0
P3-13,124,mustard_1_5496,0
P3-13,125,meld_dia957_utt1,0
P3-13,126,meld_dia594_utt8,1
P3-13,127,meld_dia366_utt8,0
P3-13,128,mustard_1_4850,1
P3-13,129,iemocap_Ses01M_script01_1_M010,1
P3-13,130,chsims_video_0027_0006,0
P3-13,131,meld_dia95_utt14,1
P3-13,132,meld_dia170_utt3,0
P3-13,133,meld_dia373_utt1,0
P3-13,134,meld_dia49_utt12,0
P3-13,135,meld_dia841_utt4,0
P3-13,136,meld_dia26_utt5,0
P3-13,137,chsims_video_0056_0009,0
P3-13,138,meld_dia503_utt9,0
P3-13,139,meld_dia1027_utt3,0
P3-13,140,iemocap_Ses02F_script01_1_F024,0
P3-13,141,meld_dia940_utt8,0
P3-13,142,meld_dia79_utt0,0
P3-13,143,mustard_2_312,0
P3-13,144,iemocap_Ses03M_script01_3_M012,0
P3-13,145,meld_dia235_utt0,0
P3-13,146,mosi_dq3Nf_lMPnE_8,0
P3-13,147,mosi_nzpVDcQ0ywM_6,0
P3-13,148,meld_dia820_utt6,0
P3-13,149,chsims_aqgy3_0002_00007,0
P3-13,150,iemocap_Ses03F_script03_2_M010,0
P3-13,151,iemocap_Ses03F_impro07_F003,0
P3-13,152,mosi_VbQk4H8hgr0_21,0
P3-13,153,chsims_video_xjzw_00010,1
P3-13,154,meld_dia124_utt5,0
P3-13,155,iemocap_Ses01M_script03_2_M022,0
P3-13,156,mosi_tmZoasNr4rU_13,1
P3-13,157,chsims_video_0058_0014,0
P3-13,158,iemocap_Ses02F_impro01_M020,0
P3-13,159,chsims_video_0006_0007,1
P3-13,160,chsims_aqgy4_0004_00006,0
P3-13,161,mustard_2_581,0
P3-13,162,mosi_G6GlGvlkxAQ_17,0
P3-13,163,iemocap_Ses03M_impro01_M001,0
P3-13,164,meld_dia1012_utt4,0
P3-13,165,iemocap_Ses05M_impro07_F007,0
P3-13,166,mosi_BvYR0L6f2Ig_13,1
P3-13,167,chsims_aqgy5_0007_00031,0
P3-13,168,iemocap_Ses05F_impro01_M015,0
P3-13,169,iemocap_Ses04F_script02_1_M012,1
P3-13,170,iemocap_Ses01F_impro05_M012,0
P3-13,171,mosi_f9O3YtZ2VfI_29,1
P3-13,172,iemocap_Ses03M_impro08b_F012,0
P3-13,173,chsims_csbgs2_0001_00024,0
P3-13,174,meld_dia326_utt5,0
P3-13,175,iemocap_Ses02M_impro01_M009,0
P3-13,176,iemocap_Ses03F_impro08_M008,0
P3-13,177,meld_dia332_utt7,0
P3-13,178,chsims_aqgy3_0004_00031,0
P3-13,179,mosi_aiEXnCPZubE_9,0
P3-13,180,meld_dia720_utt9,0
P3-13,181,chsims_video_0001_0014,0
P3-13,182,meld_dia252_utt17,0
P3-13,183,mosi_Nzq88NnDkEk_23,0
P3-13,184,mosi_rnaNMUZpvvg_8,0
P3-13,185,chsims_video_0053_0058,0
P3-13,186,iemocap_Ses03M_script02_2_M004,0
P3-14,0,iemocap_Ses03F_impro04_F001,0
P3-14,1,mustard_2_148,0
P3-14,2,chsims_aqgy5_0012_00023,1
P3-14,3,chsims_aqgy5_0010_00016,0
P3-14,4,mosi_cXypl4FnoZo_19,1
P3-14,5,mustard_2_558,1
P3-14,6,mustard_2_574,0
P3-14,7,mosi_8OtFthrtaJM_3,0
P3-14,8,iemocap_Ses01F_script03_2_F035,0
P3-14,9,chsims_aqgy5_0016_00023,0
P3-14,10,iemocap_Ses05M_script01_1b_M018,0
P3-14,11,mosi_d6hH302o4v8_28,0
P3-14,12,mosi_5W7Z1C_fDaE_15,0
P3-14,13,iemocap_Ses01F_script03_1_F011,0
P3-14,14,iemocap_Ses01F_script03_2_F004,0
P3-14,15,chsims_aqgy5_0012_00017,0
P3-14,16,chsims_video_0054_0129,0
P3-14,17,chsims_aqgy4_0016_00005,0
P3-14,18,chsims_video_0051_0018,0
P3-14,19,meld_dia806_utt13,0
P3-14,20,chsims_video_0044_0006,0
P3-14,21,chsims_aqgy4_0008_00043,0
P3-14,22,chsims_aqgy5_0028_00019,0
P3-14,23,iemocap_Ses01F_impro05_F018,0
P3-14,24,chsims_video_0036_0009,0
P3-14,25,mustard_2_434,1
P3-14,26,meld_dia911_utt1,0
P3-14,27,mosi_9qR7uwkblbs_30,0
P3-14,28,meld_dia979_utt4,0
P3-14,29,mosi_9qR7uwkblbs_18,1
P3-14,30,chsims_video_0010_0030,0
P3-14,31,iemocap_Ses04F_script03_2_F027,0
P3-14,32,meld_dia211_utt3,0
P3-14,33,iemocap_Ses03F_script02_1_F014,0
P3-14,34,chsims_video_0013_0031,0
P3-14,35,mustard_2_595,0
P3-14,36,meld_dia39_utt15,1
P3-14,37,iemocap_Ses02M_script01_3_F026,0
P3-14,38,iemocap_Ses03M_script02_1_M020,0
P3-14,39,mosi_GWuJjcEuzt8_13,0
P3-14,40,meld_dia346_utt1,1
P3-14,41,chsims_video_0056_0051,0
P3-14,42,chsims_video_0054_0032,0
P3-14,43,chsims_video_0029_0026,0
P3-14,44,mosi_bvLlb-M3UXU_23,0
P3-14,45,iemocap_Ses02M_script01_1_F016,0
P3-14,46,chsims_aqgy4_0011_00026,0
P3-14,47,chsims_video_0024_0074,0
P3-14,48,meld_dia468_utt7,0
P3-14,49,meld_dia25_utt10,1
P3-14,50,iemocap_Ses02F_script03_1_F017,0
P3-14,51,iemocap_Ses01M_script03_1_M030,0
P3-14,52,chsims_aqgy4_0010_00013,0
P3-14,53,meld_dia508_utt13,0
P3-14,54,meld_dia455_utt5,0
P3-14,55,iemocap_Ses04M_impro06_F009,0
P3-14,56,mustard_1_6645,0
P3-14,57,meld_dia634_utt2,0
P3-14,58,chsims_video_0056_0070,0
P3-14,59,meld_dia619_utt5,0
P3-14,60,iemocap_Ses02F_script03_2_M002,0
P3-14,61,iemocap_Ses05F_impro02_M034,1
P3-14,62,meld_dia541_utt15,0
P3-14,63,mustard_2_131,0
P3-14,64,mosi_rnaNMUZpvvg_3,0
P3-14,65,meld_dia407_utt4,1
P3-14,66,chsims_video_0036_0021,0
P3-14,67,chsims_video_0034_0015,0
P3-14,68,iemocap_Ses05M_impro06_M013,0
P3-14,69,mustard_1_11236,1
P3-14,70,meld_dia235_utt5,0
P3-14,71,meld_dia865_utt4,0
P3-14,72,iemocap_Ses01F_impro05_F010,0
P3-14,73,iemocap_Ses02M_impro02_M009,0
P3-14,74,meld_dia365_utt3,0
P3-14,75,meld_dia512_utt13,1
P3-14,76,iemocap_Ses03F_impro02_F021,0
P3-14,77,chsims_aqgy4_0012_00060,0
P3-14,78,iemocap_Ses02M_script02_2_M018,0
P3-14,79,chsims_aqgy5_0006_00014,0
P3-14,80,meld_dia252_utt7,0
P3-14,81,mustard_2_440,0
P3-14,82,chsims_aqgy4_0004_00014,1
P3-14,83,meld_dia673_utt8,0
P3-14,84,mustard_1_4281,0
P3-14,85,meld_dia180_utt11,0
P3-14,86,iemocap_Ses05F_script01_3_M036,0
P3-14,87,chsims_video_0045_0059,0
P3-14,88,chsims_aqgy5_0001_00010,0
P3-14,89,iemocap_Ses03F_impro03_F015,0
P3-14,90,chsims_video_0012_0034,0
P3-14,91,iemocap_Ses03F_script01_1_F003,0
P3-14,92,chsims_aqgy5_0016_00037,0
P3-14,93,mosi_GWuJjcEuzt8_11,1
P3-14,94,meld_dia39_utt0,0
P3-14,95,mustard_2_313,0
P3-14,96,meld_dia888_utt14,0
P3-14,97,chsims_aqgy4_0014_00015,0
P3-14,98,meld_dia306_utt3,0
P3-14,99,mustard_1_12202,1
P3-14,100,meld_dia745_utt7,0
P3-14,101,mustard_2_341,0
P3-14,102,chsims_aqgy5_0006_00034,0
P3-14,103,chsims_aqgy4_0016_00000,0
P3-14,104,chsims_aqgy3_0001_00011,0
P3-14,105,chsims_video_0032_0009,0
P3-14,106,meld_dia15_utt15,0
P3-14,107,meld_dia445_utt17,0
P3-14,108,chsims_aqgy5_0013_00022,0
P3-14,109,meld_dia967_utt1,0
P3-14,110,chsims_video_0025_0016,0
P3-14,111,meld_dia456_utt4,0
P3-14,112,mustard_2_242,1
P3-14,113,iemocap_Ses03M_script02_1_M028,0
P3-14,114,chsims_video_0055_0016,0
P3-14,115,chsims_aqgy3_0001_00012,0
P3-14,116,chsims_aqgy5_0028_00042,0
P3-14,117,iemocap_Ses02F_impro03_F025,0
P3-14,118,iemocap_Ses04F_impro02_F018,0
P3-14,119,chsims_aqgy4_0001_00027,0
P3-14,120,chsims_aqgy5_0019_00004,0
P3-14,121,mosi_HEsqda8_d0Q_26,1
P3-14,122,meld_dia506_utt10,0
P3-14,123,iemocap_Ses02M_script01_3_F019,0
P3-14,124,meld_dia185_utt7,0
P3-14,125,meld_dia907_utt4,1
P3-14,126,iemocap_Ses02M_impro06_M019,0
P3-14,127,iemocap_Ses04M_impro04_M019,0
P3-14,128,mosi_Njd1F0vZSm4_9,0
P3-14,129,meld_dia516_utt5,1
P3-14,130,meld_dia221_utt1,0
P3-14,131,chsims_aqgy5_0015_00020,0
P3-14,132,iemocap_Ses01M_script02_1_M006,0
P3-14,133,iemocap_Ses02F_script01_1_F030,0
P3-14,134,meld_dia54_utt20,0
P3-14,135,meld_dia988_utt6,0
P3-14,136,iemocap_Ses05F_script01_3_M035,0
P3-14,137,chsims_video_0025_0009,0
P3-14,138,chsims_aqgy5_0012_00019,0
P3-14,139,meld_dia875_utt6,1
P3-14,140,mosi_lXPQBPVc5Cw_22,0
P3-14,141,mustard_1_1001,0
P3-14,142,chsims_csbgs2_0002_00006,0
P3-14,143,iemocap_Ses05M_script03_2_M045,0
P3-14,144,chsims_video_0056_0003,0
P3-14,145,chsims_aqgy4_0005_00001,1
P3-14,146,mosi_GWuJjcEuzt8_9,0
P3-14,147,iemocap_Ses05F_impro04_F009,0
P3-14,148,chsims_video_0023_0043,0
P3-14,149,chsims_video_0054_0061,0
P3-14,150,chsims_video_0041_0016,1
P3-14,151,meld_dia187_utt7,0
P3-14,152,chsims_aqgy5_0006_00005,0
P3-14,153,chsims_video_0054_0029,0
P3-14,154,mosi_8OtFthrtaJM_2,1
P3-14,155,iemocap_Ses02F_impro03_F013,0
P3-14,156,chsims_video_0015_0014,0
P3-14,157,chsims_video_0001_0012,0
P3-14,158,chsims_video_0053_0025,0
P3-14,159,iemocap_Ses01M_impro03_F012,0
P3-14,160,mosi_W8NXH0Djyww_11,1
P3-14,161,iemocap_Ses03M_impro01_M014,0
P3-14,162,mosi_cXypl4FnoZo_15,0
P3-14,163,chsims_video_0054_0179,0
P3-14,164,chsims_aqgy5_0009_00000,1
P3-14,165,mosi_yDtzw_Y-7RU_17,1
P3-14,166,mosi_VbQk4H8hgr0_50,1
P3-14,167,iemocap_Ses03M_impro05b_M017,0
P3-14,168,chsims_aqgy5_0015_00006,0
P3-14,169,meld_dia439_utt6,0
P3-14,170,meld_dia120_utt2,0
P3-14,171,chsims_video_0014_0029,0
P3-14,172,iemocap_Ses02M_impro05_M026,0
P3-14,173,iemocap_Ses04F_script01_3_F003,0
P3-14,174,mosi_MLal-t_vJPM_12,0
P3-14,175,iemocap_Ses04M_impro02_M010,0
P3-14,176,mosi_rnaNMUZpvvg_19,0
P3-14,177,iemocap_Ses05F_script01_3_F003,0
P3-14,178,chsims_aqgy5_0017_00041,0
P3-14,179,meld_dia1035_utt0,1
P3-14,180,meld_dia18_utt9,0
P3-14,181,mustard_2_318,1
P3-14,182,mosi_LSi-o-IrDMs_5,0
P3-14,183,meld_dia671_utt7,0
P3-14,184,iemocap_Ses03M_impro04_M025,0
P3-14,185,mustard_1_6165,1
P3-14,186,iemocap_Ses01M_script01_1_M040,0
P3-15,0,mosi_MLal-t_vJPM_1,0
P3-15,1,iemocap_Ses04F_impro01_F008,0
P3-15,2,meld_dia576_utt10,0
P3-15,3,mosi_cM3Yna7AavY_5,0
P3-15,4,chsims_aqgy4_0001_00023,0
P3-15,5,chsims_aqgy5_0016_00044,1
P3-15,6,meld_dia307_utt7,0
P3-15,7,chsims_video_0019_0014,0
P3-15,8,meld_dia854_utt1,0
P3-15,9,mustard_2_227,0
P3-15,10,chsims_aqgy5_0009_00000,1
P3-15,11,mosi_phBUpBr1hSo_9,0
P3-15,12,meld_dia429_utt4,0
P3-15,13,chsims_video_0032_0022,0
P3-15,14,iemocap_Ses01F_script02_1_F017,1
P3-15,15,chsims_test6_00006,1
P3-15,16,mustard_1_12320,0
P3-15,17,mosi_G6GlGvlkxAQ_23,0
P3-15,18,meld_dia67_utt6,0
P3-15,19,chsims_video_0037_0013,0
P3-15,20,iemocap_Ses04M_impro08_F014,0
P3-15,21,meld_dia281_utt6,0
P3-15,22,chsims_video_0035_0032,0
P3-15,23,chsims_test5_00003,1
P3-15,24,meld_dia804_utt5,0
P3-15,25,meld_dia770_utt8,0
P3-15,26,chsims_aqgy4_0018_00016,0
P3-15,27,iemocap_Ses04F_impro01_F010,0
P3-15,28,mustard_2_449,0
P3-15,29,mustard_1_6355,0
P3-15,30,mosi_HEsqda8_d0Q_16,0
P3-15,31,chsims_video_xjzw_00027,1
P3-15,32,chsims_video_0041_0028,1
P3-15,33,iemocap_Ses04M_impro05_F030,0
P3-15,34,mosi_HEsqda8_d0Q_5,0
P3-15,35,iemocap_Ses04M_impro05_M033,1
P3-15,36,meld_dia257_utt0,0
P3-15,37,meld_dia817_utt5,0
P3-15,38,chsims_aqgy5_0024_00002,0
P3-15,39,chsims_aqgy4_0008_00002,0
P3-15,40,mosi_X3j2zQgwYgE_2,0
P3-15,41,meld_dia355_utt2,0
P3-15,42,iemocap_Ses03F_impro02_F037,0
P3-15,43,mosi_2iD-tVS8NPw_6,1
P3-15,44,chsims_video_xjzw_00067,0
P3-15,45,iemocap_Ses04F_script01_3_M044,0
P3-15,46,chsims_video_0012_0028,0
P3-15,47,iemocap_Ses05F_impro07_M026,0
P3-15,48,chsims_video_0046_0060,0
P3-15,49,iemocap_Ses02M_script02_1_M002,0
P3-15,50,meld_dia860_utt0,0
P3-15,51,mustard_2_323,1
P3-15,52,meld_dia542_utt4,0
P3-15,53,chsims_video_0054_0075,0
P3-15,54,chsims_video_0016_0009,0
P3-15,55,iemocap_Ses05M_script03_1_F029,1
P3-15,56,chsims_video_0023_0020,1
P3-15,57,chsims_video_0031_0002,0
P3-15,58,mustard_1_11042,0
P3-15,59,chsims_video_0022_0002,0
P3-15,60,iemocap_Ses02F_impro06_F002,0
P3-15,61,chsims_aqgy4_0012_00059,0
P3-15,62,meld_dia976_utt12,0
P3-15,63,meld_dia182_utt1,0
P3-15,64,iemocap_Ses03F_script01_3_M022,1
P3-15,65,iemocap_Ses05F_impro01_F012,0
P3-15,66,meld_dia553_utt4,0
P3-15,67,iemocap_Ses05F_script01_3_M010,0
P3-15,68,iemocap_Ses01M_script01_3_M039,0
P3-15,69,iemocap_Ses03M_script03_2_F011,1
P3-15,70,iemocap_Ses02M_script01_3_F015,0
P3-15,71,chsims_aqgy4_0005_00001,1
P3-15,72,meld_dia1022_utt12,0
P3-15,73,iemocap_Ses05M_script03_2_M000,0
P3-15,74,chsims_video_0034_0017,0
P3-15,75,chsims_video_0025_0044,0
P3-15,76,iemocap_Ses04F_script01_3_M017,0
P3-15,77,iemocap_Ses05F_script01_1_M034,0
P3-15,78,mosi_bOL9jKpeJRs_1,0
P3-15,79,mosi_Iu2PFX3z_1s_9,0
P3-15,80,iemocap_Ses05M_script01_1b_M007,0
P3-15,81,chsims_video_0030_0036,0
P3-15,82,iemocap_Ses04M_impro08_F012,0
P3-15,83,iemocap_Ses01M_script01_1_F011,1
P3-15,84,chsims_aqgy5_0005_00042,0
P3-15,85,mosi_f_pcplsH_V0_1,1
P3-15,86,iemocap_Ses03M_impro06_M020,0
P3-15,87,meld_dia804_utt8,0
P3-15,88,chsims_aqgy5_0001_00011,0
P3-15,89,meld_dia574_utt16,0
P3-15,90,mosi_HEsqda8_d0Q_18,0
P3-15,91,iemocap_Ses01M_script02_1_M038,0
P3-15,92,meld_dia112_utt3,0
P3-15,93,meld_dia869_utt14,0
P3-15,94,chsims_video_0033_0011,0
P3-15,95,iemocap_Ses05F_impro07_F000,0
P3-15,96,mosi_Oz06ZWiO20M_7,0
P3-15,97,meld_dia811_utt6,0
P3-15,98,meld_dia1016_utt14,0
P3-15,99,iemocap_Ses03M_script03_2_M020,0
P3-15,100,chsims_aqgy4_0001_00065,0
P3-15,101,chsims_video_0024_0113,0
P3-15,102,meld_dia639_utt10,0
P3-15,103,chsims_aqgy5_0028_00002,0
P3-15,104,chsims_aqgy3_0002_00001,0
P3-15,105,mosi_2WGyTLYerpo_13,0
P3-15,106,mosi_wMbj6ajWbic_1,1
P3-15,107,mosi_bOL9jKpeJRs_9,0
P3-15,108,chsims_video_0030_0021,0
P3-15,109,meld_dia861_utt8,0
P3-15,110,mosi_8d-gEyoeBzc_5,0
P3-15,111,mustard_2_344,0
P3-15,112,meld_dia827_utt14,1
P3-15,113,iemocap_Ses02M_script03_2_M006,0
P3-15,114,meld_dia615_utt22,0
P3-15,115,meld_dia851_utt5,0
P3-15,116,iemocap_Ses02M_impro05_M027,0
P3-15,117,meld_dia967_utt3,0
P3-15,118,meld_dia561_utt9,0
P3-15,119,mustard_1_10797,0
P3-15,120,chsims_aqgy5_0034_00008,1
P3-15,121,mosi_d6hH302o4v8_8,0
P3-15,122,meld_dia232_utt16,0
P3-15,123,chsims_video_0058_0012,0
P3-15,124,mosi_lXPQBPVc5Cw_10,0
P3-15,125,chsims_video_0047_0072,0
P3-15,126,iemocap_Ses02F_impro07_M021,0
P3-15,127,iemocap_Ses05F_script01_1_M036,0
P3-15,128,meld_dia821_utt4,0
P3-15,129,meld_dia172_utt5,0
P3-15,130,meld_dia450_utt8,0
P3-15,131,iemocap_Ses04M_script01_1_M041,0
P3-15,132,meld_dia619_utt0,0
P3-15,133,meld_dia733_utt8,0
P3-15,134,mustard_1_10004,0
P3-15,135,chsims_aqgy4_0001_00040,0
P3-15,136,meld_dia25_utt10,1
P3-15,137,meld_dia251_utt0,0
P3-15,138,meld_dia320_utt9,0
P3-15,139,meld_dia820_utt18,0
P3-15,140,iemocap_Ses02F_impro05_M010,1
P3-15,141,mosi_wMbj6ajWbic_8,0
P3-15,142,mustard_2_258,0
P3-15,143,meld_dia463_utt1,0
P3-15,144,mosi_8OtFthrtaJM_23,0
P3-15,145,mosi_PZ-lDQFboO8_9,0
P3-15,146,chsims_aqgy4_0020_00000,0
P3-15,147,meld_dia615_utt18,1
P3-15,148,iemocap_Ses05M_script01_1_M013,0
P3-15,149,mustard_1_4544,1
P3-15,150,mosi_c5xsKMxpXnc_8,0
P3-15,151,mosi_IumbAb8q2dM_19,0
P3-15,152,iemocap_Ses04M_impro02_F030,0
P3-15,153,meld_dia126_utt4,0
P3-15,154,meld_dia901_utt2,0
P3-15,155,mustard_1_6504,1
P3-15,156,meld_dia193_utt4,0
P3-15,157,iemocap_Ses02F_impro05_F017,0
P3-15,158,iemocap_Ses03F_script03_2_M005,0
P3-15,159,iemocap_Ses05F_script02_2_F010,0
P3-15,160,meld_dia918_utt11,1
P3-15,161,chsims_aqgy3_0002_00015,0
P3-15,162,iemocap_Ses02M_impro07_F007,0
P3-15,163,meld_dia429_utt5,0
P3-15,164,meld_dia94_utt3,0
P3-15,165,iemocap_Ses03M_impro03_F014,0
P3-15,166,meld_dia893_utt15,1
P3-15,167,chsims_csbgs2_0002_00005,0
P3-15,168,meld_dia261_utt1,0
P3-15,169,mosi_c7UH_rxdZv4_18,0
P3-15,170,mustard_2_429,0
P3-15,171,meld_dia331_utt0,0
P3-15,172,chsims_aqgy4_0001_00018,0
P3-15,173,meld_dia448_utt9,0
P3-15,174,meld_dia306_utt2,0
P3-15,175,meld_dia199_utt2,1
P3-15,176,meld_dia300_utt8,0
P3-15,177,iemocap_Ses05F_impro04_F032,0
P3-15,178,chsims_video_0009_0009,0
P3-15,179,mosi_atnd_PF-Lbs_9,0
P3-15,180,iemocap_Ses02F_script03_1_F001,0
P3-15,181,mosi_lXPQBPVc5Cw_4,0
P3-15,182,mosi_d6hH302o4v8_32,1
P3-15,183,chsims_video_0020_0012,0
P3-15,184,meld_dia594_utt8,1
P3-15,185,mosi_yvsjCA6Y5Fc_6,0
P3-15,186,iemocap_Ses04F_impro07_F059,0
P3-16,0,chsims_aqgy3_0001_00003,0
P3-16,1,iemocap_Ses04M_impro05_F035,0
P3-16,2,mustard_1_8827,1
P3-16,3,mosi_rnaNMUZpvvg_18,0
P3-16,4,mosi_POKffnXeBds_11,1
P3-16,5,meld_dia1000_utt2,0
P3-16,6,meld_dia648_utt4,0
P3-16,7,meld_dia775_utt11,0
P3-16,8,mosi_wMbj6ajWbic_9,0
P3-16,9,chsims_video_0001_0025,0
P3-16,10,mosi_bOL9jKpeJRs_25,0
P3-16,11,chsims_video_0015_0024,0
P3-16,12,iemocap_Ses03F_impro06_F004,0
P3-16,13,meld_dia967_utt4,0
P3-16,14,meld_dia659_utt19,0
P3-16,15,chsims_aqgy5_0002_00015,0
P3-16,16,chsims_aqgy5_0029_00002,0
P3-16,17,chsims_video_0009_0028,0
P3-16,18,iemocap_Ses03F_script01_1_F026,1
P3-16,19,iemocap_Ses02F_script03_1_F018,0
P3-16,20,meld_dia651_utt8,0
P3-16,21,meld_dia509_utt16,0
P3-16,22,iemocap_Ses05F_script01_1_F011,1
P3-16,23,mosi_phBUpBr1hSo_5,1
P3-16,24,meld_dia153_utt3,1
P3-16,25,mosi_tStelxIAHjw_6,0
P3-16,26,iemocap_Ses03M_script02_2_F033,0
P3-16,27,meld_dia292_utt5,0
P3-16,28,chsims_aqgy4_0009_00025,0
P3-16,29,chsims_video_0013_0011,0
P3-16,30,iemocap_Ses03M_script02_2_M031,0
P3-16,31,chsims_video_0032_0010,0
P3-16,32,iemocap_Ses05M_script02_1_F014,1
P3-16,33,mosi_2WGyTLYerpo_54,0
P3-16,34,iemocap_Ses01M_impro03_M013,0
P3-16,35,meld_dia714_utt1,0
P3-16,36,mosi_rnaNMUZpvvg_4,0
P3-16,37,mosi_bvLlb-M3UXU_3,1
P3-16,38,meld_dia910_utt5,1
P3-16,39,iemocap_Ses05M_script02_2_M026,0
P3-16,40,mosi_1iG0909rllw_24,1
P3-16,41,mosi_2iD-tVS8NPw_16,0
P3-16,42,iemocap_Ses03M_script01_1_F015,0
P3-16,43,meld_dia496_utt13,0
P3-16,44,chsims_csbgs2_0001_00012,0
P3-16,45,mosi_d6hH302o4v8_30,0
P3-16,46,iemocap_Ses04M_script02_2_F036,0
P3-16,47,mosi_BioHAh1qJAQ_20,0
P3-16,48,iemocap_Ses04F_script01_3_F016,0
P3-16,49,iemocap_Ses02M_script01_3_F027,0
P3-16,50,meld_dia796_utt5,0
P3-16,51,meld_dia314_utt9,0
P3-16,52,iemocap_Ses02M_script03_2_M025,0
P3-16,53,mosi_iiK8YX8oH1E_7,1
P3-16,54,mustard_2_546,1
P3-16,55,chsims_aqgy5_0009_00015,0
P3-16,56,meld_dia100_utt4,0
P3-16,57,mosi_1iG0909rllw_19,0
P3-16,58,mosi_tIrG4oNLFzE_14,0
P3-16,59,meld_dia312_utt11,0
P3-16,60,meld_dia845_utt3,0
P3-16,61,meld_dia1033_utt1,0
P3-16,62,chsims_video_0037_0010,0
P3-16,63,chsims_video_0029_0017,0
P3-16,64,mustard_2_169,0
P3-16,65,mosi_k5Y_838nuGo_25,0
P3-16,66,meld_dia301_utt9,0
P3-16,67,iemocap_Ses01M_impro02_F007,0
P3-16,68,mosi_HEsqda8_d0Q_19,0
P3-16,69,iemocap_Ses01F_script01_3_F008,0
P3-16,70,mosi_G-xst2euQUc_7,0
P3-16,71,chsims_video_0042_0006,0
P3-16,72,meld_dia26_utt11,1
P3-16,73,mustard_1_5758,1
P3-16,74,chsims_aqgy4_0007_00013,0
P3-16,75,mosi_iiK8YX8oH1E_4,0
P3-16,76,mustard_2_575,1
P3-16,77,meld_dia622_utt2,0
P3-16,78,meld_dia813_utt5,0
P3-16,79,meld_dia523_utt16,0
P3-16,80,iemocap_Ses04F_impro03_M009,0
P3-16,81,meld_dia842_utt3,0
P3-16,82,chsims_video_0024_0013,0
P3-16,83,mustard_2_558,1
P3-16,84,meld_dia908_utt6,0
P3-16,85,iemocap_Ses02M_script01_1_M032,0
P3-16,86,meld_dia665_utt16,0
P3-16,87,meld_dia498_utt1,0
P3-16,88,chsims_test15_00016,0
P3-16,89,chsims_aqgy5_0033_00006,0
P3-16,90,chsims_aqgy5_0032_00015,0
P3-16,91,iemocap_Ses04M_impro01_M013,1
P3-16,92,mustard_1_7661,0
P3-16,93,iemocap_Ses04F_impro07_M030,0
P3-16,94,iemocap_Ses02F_impro08_M002,0
P3-16,95,chsims_video_0012_0027,1
P3-16,96,chsims_aqgy4_0012_00041,0
P3-16,97,meld_dia802_utt0,0
P3-16,98,meld_dia654_utt4,1
P3-16,99,meld_dia589_utt8,0
P3-16,100,mustard_1_5109,0
P3-16,101,meld_dia312_utt6,0
P3-16,102,mosi_G6GlGvlkxAQ_18,0
P3-16,103,chsims_aqgy4_0001_00038,0
P3-16,104,iemocap_Ses02F_script02_1_M041,0
P3-16,105,meld_dia468_utt0,0
P3-16,106,meld_dia749_utt1,0
P3-16,107,iemocap_Ses03F_script02_1_F012,1
P3-16,108,mustard_1_175,0
P3-16,109,chsims_video_0048_0001,0
P3-16,110,mosi_G6GlGvlkxAQ_21,0
P3-16,111,meld_dia130_utt6,0
P3-16,112,mosi_wMbj6ajWbic_18,0
P3-16,113,chsims_video_0013_0026,0
P3-16,114,iemocap_Ses02F_script03_2_F003,0
P3-16,115,chsims_video_0012_0026,0
P3-16,116,chsims_aqgy3_0003_00007,0
P3-16,117,chsims_aqgy4_0011_00023,0
P3-16,118,iemocap_Ses04F_script03_2_F010,0
P3-16,119,chsims_aqgy4_0003_00010,1
P3-16,120,mosi_PZ-lDQFboO8_12,0
P3-16,121,chsims_aqgy3_0005_00001,0
P3-16,122,chsims_aqgy5_0014_00019,0
P3-16,123,iemocap_Ses04F_script01_2_F019,0
P3-16,124,chsims_video_0051_0004,0
P3-16,125,chsims_video_0023_0011,0
P3-16,126,chsims_video_0029_0021,0
P3-16,127,iemocap_Ses03M_script01_1_F014,0
P3-16,128,iemocap_Ses05M_script03_2_F000,0
P3-16,129,mosi_c7UH_rxdZv4_20,0
P3-16,130,iemocap_Ses05F_script01_3_F005,1
P3-16,131,meld_dia521_utt4,0
P3-16,132,chsims_video_0025_0025,0
P3-16,133,iemocap_Ses05M_script03_1_M014,1
P3-16,134,meld_dia119_utt9,0
P3-16,135,iemocap_Ses02F_script02_1_F003,0
P3-16,136,mosi_nzpVDcQ0ywM_13,1
P3-16,137,chsims_video_0040_0034,0
P3-16,138,iemocap_Ses05M_script01_3_M008,0
P3-16,139,chsims_video_0055_0032,0
P3-16,140,iemocap_Ses04M_impro07_M031,0
P3-16,141,meld_dia717_utt11,0
P3-16,142,mosi_6Egk_28TtTM_10,0
P3-16,143,iemocap_Ses01M_script03_2_F038,0
P3-16,144,chsims_aqgy4_0001_00056,0
P3-16,145,mustard_1_10009,1
P3-16,146,chsims_video_0024_0029,0
P3-16,147,chsims_aqgy5_0016_00042,1
P3-16,148,mosi_POKffnXeBds_9,0
P3-16,149,chsims_video_0045_0078,0
P3-16,150,chsims_test6_00006,1
P3-16,151,mosi_aiEXnCPZubE_7,0
P3-16,152,meld_dia207_utt5,0
P3-16,153,iemocap_Ses05F_impro06_F014,0
P3-16,154,meld_dia960_utt4,0
P3-16,155,meld_dia574_utt7,0
P3-16,156,chsims_aqgy5_0016_00015,0
P3-16,157,meld_dia599_utt14,0
P3-16,158,meld_dia604_utt13,0
P3-16,159,chsims_video_0055_0009,0
P3-16,160,mustard_2_294,0
P3-16,161,iemocap_Ses01M_impro07_F023,0
P3-16,162,meld_dia67_utt13,0
P3-16,163,mosi_IumbAb8q2dM_6,0
P3-16,164,iemocap_Ses01F_script01_1_F027,0
P3-16,165,mustard_2_158,1
P3-16,166,chsims_video_0023_0053,0
P3-16,167,iemocap_Ses02M_impro07_F001,0
P3-16,168,mustard_1_6370,0
P3-16,169,chsims_video_0045_0032,1
P3-16,170,iemocap_Ses03F_script01_3_F012,1
P3-16,171,chsims_aqgy3_0008_00003,0
P3-16,172,iemocap_Ses01M_impro07_F004,0
P3-16,173,iemocap_Ses04F_script03_1_F026,0
P3-16,174,iemocap_Ses02M_impro03_F013,0
P3-16,175,chsims_video_0015_0025,0
P3-16,176,mustard_1_12083,0
P3-16,177,meld_dia536_utt12,0
P3-16,178,iemocap_Ses02F_script01_3_M008,0
P3-16,179,chsims_test7_00002,0
P3-16,180,chsims_video_0057_0001,0
P3-16,181,iemocap_Ses05M_impro03_M003,0
P3-16,182,chsims_video_0046_0024,0
P3-16,183,meld_dia468_utt9,0
P3-16,184,chsims_aqgy5_0009_00040,0
P3-16,185,meld_dia451_utt3,0
P3-16,186,iemocap_Ses02M_script01_1_M009,0
P3-17,0,meld_dia466_utt1,0
P3-17,1,iemocap_Ses02F_script02_2_M014,0
P3-17,2,iemocap_Ses01M_impro07_M012,0
P3-17,3,mustard_2_477,0
P3-17,4,meld_dia82_utt9,0
P3-17,5,iemocap_Ses04M_impro02_M011,0
P3-17,6,mosi_GWuJjcEuzt8_2,0
P3-17,7,mosi_2iD-tVS8NPw_6,1
P3-17,8,chsims_test4_00001,0
P3-17,9,meld_dia326_utt3,1
P3-17,10,iemocap_Ses05M_script01_1_M010,0
P3-17,11,mosi_yvsjCA6Y5Fc_9,1
P3-17,12,mustard_1_9971,1
P3-17,13,chsims_aqgy3_0001_00016,0
P3-17,14,iemocap_Ses01M_script02_2_F015,0
P3-17,15,chsims_video_0048_0028,0
P3-17,16,iemocap_Ses04F_script03_2_F001,1
P3-17,17,chsims_video_0015_0023,0
P3-17,18,meld_dia464_utt18,0
P3-17,19,iemocap_Ses03F_impro04_F013,0
P3-17,20,meld_dia636_utt5,0
P3-17,21,iemocap_Ses01M_script01_2_M005,0
P3-17,22,meld_dia548_utt7,0
P3-17,23,meld_dia869_utt13,0
P3-17,24,iemocap_Ses01F_script03_2_M000,0
P3-17,25,mustard_1_5169,0
P3-17,26,mosi_Clx4VXItLTE_28,0
P3-17,27,mustard_1_3573,0
P3-17,28,chsims_video_0054_0063,1
P3-17,29,chsims_aqgy5_0020_00002,0
P3-17,30,meld_dia173_utt2,1
P3-17,31,chsims_video_0013_0004,0
P3-17,32,meld_dia635_utt0,0
P3-17,33,meld_dia73_utt1,0
P3-17,34,iemocap_Ses03M_script01_1_F021,0
P3-17,35,mustard_2_573,0
P3-17,36,chsims_video_0056_0080,0
P3-17,37,iemocap_Ses04F_script03_2_M002,0
P3-17,38,chsims_aqgy5_0008_00021,0
P3-17,39,meld_dia12_utt6,0
P3-17,40,mustard_1_7400,0
P3-17,41,mustard_1_8505,0
P3-17,42,chsims_video_0015_0041,0
P3-17,43,meld_dia410_utt7,0
P3-17,44,iemocap_Ses05M_impro02_F003,0
P3-17,45,iemocap_Ses02F_impro04_F003,0
P3-17,46,chsims_aqgy4_0012_00050,0
P3-17,47,iemocap_Ses03M_script03_1_F030,0
P3-17,48,iemocap_Ses03M_impro03_F040,0
P3-17,49,meld_dia619_utt4,0
P3-17,50,mosi_Njd1F0vZSm4_7,1
P3-17,51,iemocap_Ses05M_impro01_F007,0
P3-17,52,iemocap_Ses03F_impro02_F036,0
P3-17,53,chsims_aqgy4_0001_00025,0
P3-17,54,meld_dia25_utt12,0
P3-17,55,mosi_zhpQhgha_KU_1,0
P3-17,56,chsims_aqgy5_0029_00010,0
P3-17,57,chsims_aqgy4_0007_00000,1
P3-17,58,meld_dia863_utt4,0
P3-17,59,chsims_video_0031_0016,0
P3-17,60,iemocap_Ses03F_impro05_F004,0
P3-17,61,meld_dia412_utt12,1
P3-17,62,chsims_video_0015_0020,0
P3-17,63,mosi_Sqr0AcuoNnk_4,0
P3-17,64,meld_dia720_utt4,1
P3-17,65,mosi_Sqr0AcuoNnk_9,0
P3-17,66,meld_dia670_utt1,0
P3-17,67,mosi_QN9ZIUWUXsY_13,0
P3-17,68,meld_dia745_utt11,0
P3-17,69,chsims_video_0011_0018,0
P3-17,70,meld_dia62_utt11,0
P3-17,71,meld_dia120_utt4,0
P3-17,72,chsims_aqgy5_0034_00008,1
P3-17,73,iemocap_Ses04F_script01_3_M014,1
P3-17,74,mosi_6Egk_28TtTM_11,0
P3-17,75,mosi_7JsX8y1ysxY_37,0
P3-17,76,iemocap_Ses03M_script03_1_M027,0
P3-17,77,chsims_video_0046_0043,0
P3-17,78,mosi_73jzhE8R1TQ_16,0
P3-17,79,meld_dia455_utt3,0
P3-17,80,chsims_aqgy5_0017_00017,0
P3-17,81,chsims_aqgy5_0015_00023,0
P3-17,82,iemocap_Ses03M_impro02_M034,0
P3-17,83,chsims_test5_00011,0
P3-17,84,mosi_yvsjCA6Y5Fc_16,0
P3-17,85,meld_dia181_utt1,1
P3-17,86,chsims_aqgy5_0022_00013,0
P3-17,87,meld_dia792_utt10,0
P3-17,88,mosi_jUzDDGyPkXU_26,0
P3-17,89,mosi_POKffnXeBds_10,0
P3-17,90,iemocap_Ses01F_script01_3_F003,0
P3-17,91,iemocap_Ses04F_impro01_F009,0
P3-17,92,chsims_video_0045_0083,0
P3-17,93,mosi_nzpVDcQ0ywM_2,0
P3-17,94,mosi_f9O3YtZ2VfI_16,0
P3-17,95,iemocap_Ses05M_script02_1_F014,1
P3-17,96,iemocap_Ses03F_impro07_M018,0
P3-17,97,meld_dia329_utt10,0
P3-17,98,iemocap_Ses02M_script02_2_F003,0
P3-17,99,iemocap_Ses03F_impro02_M025,0
P3-17,100,mosi_d6hH302o4v8_36,0
P3-17,101,meld_dia621_utt3,0
P3-17,102,iemocap_Ses03F_script03_1_F012,1
P3-17,103,chsims_aqgy4_0010_00016,0
P3-17,104,meld_dia214_utt3,0
P3-17,105,meld_dia15_utt18,0
P3-17,106,chsims_aqgy5_0003_00018,0
P3-17,107,meld_dia288_utt16,0
P3-17,108,chsims_aqgy5_0009_00036,0
P3-17,109,meld_dia815_utt2,1
P3-17,110,mosi_d6hH302o4v8_15,0
P3-17,111,meld_dia648_utt2,0
P3-17,112,iemocap_Ses03F_script02_2_F040,0
P3-17,113,chsims_video_0040_0007,0
P3-17,114,chsims_video_0023_0054,0
P3-17,115,chsims_aqgy5_0020_00024,0
P3-17,116,iemocap_Ses01F_script03_1_F031,0
P3-17,117,mosi_9qR7uwkblbs_15,0
P3-17,118,iemocap_Ses03M_impro03_F031,0
P3-17,119,chsims_video_0055_0033,0
P3-17,120,meld_dia686_utt6,0
P3-17,121,meld_dia949_utt6,0
P3-17,122,mosi_bOL9jKpeJRs_21,0
P3-17,123,meld_dia744_utt6,0
P3-17,124,mosi_nzpVDcQ0ywM_13,1
P3-17,125,mosi_9J25DZhivz8_1,0
P3-17,126,chsims_aqgy4_0012_00042,0
P3-17,127,meld_dia236_utt12,0
P3-17,128,chsims_aqgy4_0005_00008_0,1
P3-17,129,iemocap_Ses01M_script01_2_F014,1
P3-17,130,mosi_nzpVDcQ0ywM_7,0
P3-17,131,chsims_aqgy3_0001_00004,0
P3-17,132,mosi_03bSnISJMiM_7,0
P3-17,133,mustard_2_504,0
P3-17,134,iemocap_Ses03F_impro06_F019,0
P3-17,135,chsims_video_0045_0074,0
P3-17,136,mustard_2_494,0
P3-17,137,meld_dia1036_utt4,0
P3-17,138,iemocap_Ses05F_impro01_M007,0
P3-17,139,chsims_csbgs2_0001_00032,0
P3-17,140,mosi_7JsX8y1ysxY_38,0
P3-17,141,chsims_video_0037_0020,0
P3-17,142,iemocap_Ses03M_impro03_F030,0
P3-17,143,iemocap_Ses01F_script01_1_F037,1
P3-17,144,meld_dia601_utt0,1
P3-17,145,mosi_BXuRRbG0Ugk_16,1
P3-17,146,meld_dia1008_utt1,0
P3-17,147,chsims_aqgy4_0018_00014,0
P3-17,148,chsims_video_0010_0037,0
P3-17,149,iemocap_Ses02M_impro01_M007,0
P3-17,150,iemocap_Ses02F_impro02_F006,0
P3-17,151,mosi_zhpQhgha_KU_12,1
P3-17,152,iemocap_Ses02F_impro06_F000,0
P3-17,153,meld_dia689_utt9,0
P3-17,154,chsims_video_0012_0037,0
P3-17,155,meld_dia950_utt6,0
P3-17,156,iemocap_Ses05F_script01_2_F009,0
P3-17,157,chsims_video_0010_0006,0
P3-17,158,meld_dia89_utt0,1
P3-17,159,chsims_aqgy5_0013_00004,0
P3-17,160,chsims_aqgy4_0002_00010,0
P3-17,161,chsims_video_0013_0028,0
P3-17,162,chsims_video_0001_0020,0
P3-17,163,chsims_video_0055_0007,1
P3-17,164,meld_dia983_utt2,0
P3-17,165,iemocap_Ses03M_script02_1_M005,0
P3-17,166,mosi_zhpQhgha_KU_4,0
P3-17,167,mustard_2_622,1
P3-17,168,chsims_csbgs2_0002_00010,0
P3-17,169,meld_dia592_utt1,0
P3-17,170,meld_dia270_utt3,0
P3-17,171,mosi_atnd_PF-Lbs_4,0
P3-17,172,iemocap_Ses03F_impro05_F011,0
P3-17,173,meld_dia615_utt21,0
P3-17,174,mosi_7JsX8y1ysxY_16,0
P3-17,175,iemocap_Ses05M_script02_1_M032,0
P3-17,176,meld_dia609_utt0,0
P3-17,177,chsims_video_0020_0009,0
P3-17,178,chsims_aqgy5_0009_00003,0
P3-17,179,iemocap_Ses01F_script02_1_F017,1
P3-17,180,chsims_video_0031_0014,0
P3-17,181,mosi_d6hH302o4v8_32,1
P3-17,182,meld_dia530_utt5,0
P3-17,183,mosi_iiK8YX8oH1E_11,0
P3-17,184,iemocap_Ses01M_impro03_M007,0
P3-17,185,meld_dia407_utt4,1
P3-17,186,meld_dia936_utt8,0
P3-18,0,mustard_1_3256,0
P3-18,1,mustard_1_6221,0
P3-18,2,iemocap_Ses01M_script03_1_F024,0
P3-18,3,mustard_1_1549,1
P3-18,4,chsims_video_0056_0084,0
P3-18,5,mosi_W8NXH0Djyww_7,0
P3-18,6,mosi_d6hH302o4v8_41,0
P3-18,7,meld_dia252_utt13,0
P3-18,8,meld_dia1032_utt8,0
P3-18,9,meld_dia296_utt10,0
P3-18,10,mosi_c7UH_rxdZv4_7,0
P3-18,11,meld_dia745_utt10,0
P3-18,12,mosi_G-xst2euQUc_18,0
P3-18,13,mosi_etzxEpPuc6I_13,0
P3-18,14,mosi_Iu2PFX3z_1s_8,0
P3-18,15,mustard_2_456,1
P3-18,16,meld_dia114_utt2,0
P3-18,17,chsims_csbgs2_0001_00007,0
P3-18,18,meld_dia832_utt15,0
P3-18,19,chsims_aqgy3_0002_00020,0
P3-18,20,mosi_73jzhE8R1TQ_3,1
P3-18,21,chsims_video_0034_0007,0
P3-18,22,iemocap_Ses03F_script01_3_F035,0
P3-18,23,mosi_Clx4VXItLTE_17,0
P3-18,24,iemocap_Ses04F_script02_2_M031,0
P3-18,25,iemocap_Ses05M_script03_2_F022,0
P3-18,26,iemocap_Ses05M_impro06_M019,0
P3-18,27,iemocap_Ses04M_script03_2_F032,0
P3-18,28,meld_dia953_utt7,0
P3-18,29,mosi_aiEXnCPZubE_8,0
P3-18,30,chsims_aqgy5_0027_00004,0
P3-18,31,chsims_aqgy5_0034_00012,0
P3-18,32,chsims_aqgy5_0022_00022,0
P3-18,33,mustard_2_1,1
P3-18,34,iemocap_Ses04F_script03_2_F039,0
P3-18,35,iemocap_Ses02M_script02_2_F002,0
P3-18,36,chsims_aqgy4_0007_00023,1
P3-18,37,mosi_1DmNV9C1hbY_1,0
P3-18,38,mosi_d6hH302o4v8_13,0
P3-18,39,chsims_video_0030_0022,0
P3-18,40,meld_dia6_utt11,0
P3-18,41,iemocap_Ses01M_impro06_M010,0
P3-18,42,meld_dia804_utt4,0
P3-18,43,chsims_video_0024_0067,1
P3-18,44,chsims_aqgy5_0029_00008,0
P3-18,45,chsims_aqgy4_0017_00012,0
P3-18,46,meld_dia704_utt3,0
P3-18,47,iemocap_Ses03M_script02_1_F018,0
P3-18,48,meld_dia752_utt11,0
P3-18,49,mosi_Ci-AH39fi3Y_3,1
P3-18,50,mosi_wMbj6ajWbic_2,0
P3-18,51,chsims_aqgy3_0001_00007,0
P3-18,52,mosi_lXPQBPVc5Cw_15,0
P3-18,53,chsims_aqgy5_0036_00008,0
P3-18,54,chsims_aqgy5_0010_00004,0
P3-18,55,mustard_1_1798,0
P3-18,56,meld_dia456_utt2,0
P3-18,57,iemocap_Ses02M_impro01_M008,0
P3-18,58,mustard_1_7341,0
P3-18,59,chsims_video_0059_0003,0
P3-18,60,chsims_test15_00011,0
P3-18,61,mosi_8qrpnFRGt2A_7,0
P3-18,62,chsims_video_0025_0031,0
P3-18,63,meld_dia910_utt12,0
P3-18,64,mosi_2WGyTLYerpo_1,0
P3-18,65,iemocap_Ses05M_script02_1_M014,0
P3-18,66,meld_dia132_utt0,0
P3-18,67,meld_dia1035_utt0,1
P3-18,68,meld_dia92_utt1,0
P3-18,69,meld_dia200_utt1,0
P3-18,70,meld_dia983_utt3,0
P3-18,71,chsims_video_0056_0089,0
P3-18,72,iemocap_Ses03M_script02_2_F039,0
P3-18,73,meld_dia358_utt18,0
P3-18,74,meld_dia13_utt0,0
P3-18,75,mustard_2_500,0
P3-18,76,iemocap_Ses03M_script03_1_F011,0
P3-18,77,meld_dia939_utt15,0
P3-18,78,mustard_2_135,0
P3-18,79,chsims_csbgs2_0001_00033,0
P3-18,80,mustard_1_90,0
P3-18,81,iemocap_Ses05F_impro05_M018,0
P3-18,82,meld_dia212_utt3,0
P3-18,83,chsims_aqgy5_0027_00034,1
P3-18,84,mosi_zhpQhgha_KU_20,1
P3-18,85,meld_dia82_utt1,0
P3-18,86,chsims_video_0060_0025,0
P3-18,87,iemocap_Ses04M_script03_2_M011,0
P3-18,88,iemocap_Ses03M_script01_1_M014,0
P3-18,89,meld_dia558_utt2,0
P3-18,90,mosi_nzpVDcQ0ywM_22,0
P3-18,91,mosi_atnd_PF-Lbs_13,0
P3-18,92,chsims_aqgy5_0008_00006,0
P3-18,93,mosi_tStelxIAHjw_9,0
P3-18,94,iemocap_Ses05M_script02_1_M033,0
P3-18,95,meld_dia201_utt1,0
P3-18,96,chsims_video_0047_0044,0
P3-18,97,chsims_video_0040_0022,0
P3-18,98,meld_dia263_utt2,0
P3-18,99,mosi_yvsjCA6Y5Fc_15,0
P3-18,100,iemocap_Ses04M_impro02_F008,0
P3-18,101,mosi_7JsX8y1ysxY_15,1
P3-18,102,chsims_aqgy4_0018_00015,0
P3-18,103,chsims_aqgy5_0004_00018,0
P3-18,104,mosi_9qR7uwkblbs_26,0
P3-18,105,mosi_ZUXBRvtny7o_16,0
P3-18,106,chsims_test12_00013,0
P3-18,107,chsims_video_0047_0078,0
P3-18,108,meld_dia3_utt1,0
P3-18,109,mustard_2_622,1
P3-18,110,chsims_video_0058_0002,0
P3-18,111,iemocap_Ses05M_script01_1b_F009,0
P3-18,112,chsims_video_0023_0052,0
P3-18,113,iemocap_Ses02F_impro04_M007,1
P3-18,114,mosi_bOL9jKpeJRs_10,1
P3-18,115,meld_dia78_utt2,0
P3-18,116,mosi_VCslbP0mgZI_16,0
P3-18,117,meld_dia106_utt4,0
P3-18,118,meld_dia865_utt1,0
P3-18,119,mustard_1_2198,1
P3-18,120,meld_dia911_utt4,1
P3-18,121,iemocap_Ses03M_script02_1_F019,0
P3-18,122,chsims_video_0057_0014,0
P3-18,123,meld_dia861_utt2,0
P3-18,124,mosi_jUzDDGyPkXU_20,0
P3-18,125,mosi_cM3Yna7AavY_16,1
P3-18,126,mosi_TvyZBvOMOTc_8,1
P3-18,127,mosi_9qR7uwkblbs_18,1
P3-18,128,iemocap_Ses03F_script02_1_M014,0
P3-18,129,mustard_1_2616,0
P3-18,130,mosi_8OtFthrtaJM_7,0
P3-18,131,mustard_2_420,0
P3-18,132,meld_dia202_utt7,0
P3-18,133,iemocap_Ses04M_script03_1_F027,0
P3-18,134,chsims_video_0054_0120,0
P3-18,135,mosi_Vj1wYRQjB-o_3,0
P3-18,136,iemocap_Ses03M_impro03_F004,1
P3-18,137,chsims_video_0037_0005,1
P3-18,138,mustard_2_87,1
P3-18,139,mosi_c7UH_rxdZv4_5,0
P3-18,140,chsims_video_xjzw_00010,1
P3-18,141,mustard_1_2580,0
P3-18,142,iemocap_Ses05M_script02_2_F024,0
P3-18,143,iemocap_Ses03M_script01_3_F004,0
P3-18,144,mustard_1_8417,1
P3-18,145,meld_dia8_utt2,0
P3-18,146,chsims_video_0040_0029,0
P3-18,147,meld_dia247_utt0,0
P3-18,148,meld_dia287_utt2,0
P3-18,149,iemocap_Ses05F_impro07_M028,0
P3-18,150,mustard_1_1931,0
P3-18,151,meld_dia521_utt3,0
P3-18,152,iemocap_Ses04M_impro07_F011,0
P3-18,153,meld_dia271_utt4,0
P3-18,154,meld_dia379_utt4,0
P3-18,155,mosi_tStelxIAHjw_5,0
P3-18,156,mustard_1_213,1
P3-18,157,meld_dia723_utt4,0
P3-18,158,mosi_2WGyTLYerpo_17,0
P3-18,159,meld_dia978_utt0,0
P3-18,160,chsims_aqgy3_0003_00004,0
P3-18,161,meld_dia26_utt11,1
P3-18,162,mosi_VbQk4H8hgr0_14,0
P3-18,163,mosi_cXypl4FnoZo_19,1
P3-18,164,iemocap_Ses01F_script02_1_M038,0
P3-18,165,chsims_video_0032_0008,0
P3-18,166,mosi_0h-zjBukYpk_19,0
P3-18,167,mustard_2_527,0
P3-18,168,meld_dia24_utt0,0
P3-18,169,chsims_video_0006_0004,0
P3-18,170,iemocap_Ses03F_impro03_M000,0
P3-18,171,iemocap_Ses05M_script03_2_M035,0
P3-18,172,chsims_test12_00026,0
P3-18,173,chsims_video_0051_0030,0
P3-18,174,mosi_cXypl4FnoZo_28,1
P3-18,175,chsims_aqgy5_0036_00003,0
P3-18,176,mosi_Qr1Ca94K55A_2,0
P3-18,177,meld_dia760_utt4,0
P3-18,178,iemocap_Ses01F_script03_1_M036,0
P3-18,179,iemocap_Ses02M_script02_2_F010,1
P3-18,180,meld_dia112_utt4,0
P3-18,181,iemocap_Ses05M_impro02_M013,0
P3-18,182,meld_dia657_utt2,0
P3-18,183,chsims_aqgy5_0025_00025,0
P3-18,184,mustard_2_288,1
P3-18,185,meld_dia720_utt13,0
P3-18,186,chsims_video_0060_0004,0
P3-19,0,meld_dia925_utt4,0
P3-19,1,iemocap_Ses04F_impro07_F007,0
P3-19,2,iemocap_Ses01M_script01_1_F011,1
P3-19,3,mosi_etzxEpPuc6I_8,0
P3-19,4,meld_dia722_utt5,0
P3-19,5,mosi_k5Y_838nuGo_13,0
P3-19,6,iemocap_Ses04F_impro03_M026,0
P3-19,7,iemocap_Ses01M_script01_1_M010,1
P3-19,8,meld_dia326_utt3,1
P3-19,9,chsims_video_0046_0010,0
P3-19,10,meld_dia151_utt2,0
P3-19,11,mosi_rnaNMUZpvvg_5,0
P3-19,12,mosi_cW1FSBF59ik_4,1
P3-19,13,iemocap_Ses04F_script03_1_M028,1
P3-19,14,iemocap_Ses02F_script03_2_F028,0
P3-19,15,meld_dia151_utt11,0
P3-19,16,chsims_video_0053_0060,0
P3-19,17,mustard_1_11928,1
P3-19,18,meld_dia673_utt7,0
P3-19,19,mustard_1_4031,1
P3-19,20,iemocap_Ses04F_impro03_M002,0
P3-19,21,mustard_2_197,0
P3-19,22,chsims_video_0015_0033,0
P3-19,23,mosi_8qrpnFRGt2A_5,1
P3-19,24,chsims_aqgy4_0003_00005,0
P3-19,25,chsims_aqgy4_0005_00042,0
P3-19,26,meld_dia962_utt0,1
P3-19,27,iemocap_Ses02F_script02_2_F043,0
P3-19,28,chsims_aqgy5_0003_00012,0
P3-19,29,mustard_1_9087,0
P3-19,30,meld_dia808_utt4,0
P3-19,31,meld_dia994_utt1,0
P3-19,32,meld_dia345_utt4,0
P3-19,33,iemocap_Ses02M_impro06_M006,0
P3-19,34,iemocap_Ses02F_script03_2_M046,0
P3-19,35,iemocap_Ses03F_impro07_M020,0
P3-19,36,mosi_f_pcplsH_V0_9,0
P3-19,37,iemocap_Ses04M_script03_2_F040,0
P3-19,38,iemocap_Ses03F_script02_1_M042,0
P3-19,39,chsims_video_0031_0031,0
P3-19,40,iemocap_Ses05F_script03_1_F028,0
P3-19,41,iemocap_Ses05M_script03_2_F040,0
P3-19,42,mosi_Bfr499ggo-0_12,0
P3-19,43,chsims_aqgy5_0029_00003,0
P3-19,44,meld_dia344_utt15,0
P3-19,45,chsims_aqgy4_0007_00015,0
P3-19,46,meld_dia665_utt10,0
P3-19,47,chsims_video_0001_0018,0
P3-19,48,chsims_aqgy5_0020_00010,0
P3-19,49,meld_dia840_utt10,0
P3-19,50,mosi_ob23OKe5a9Q_10,1
P3-19,51,mustard_1_6648,0
P3-19,52,meld_dia659_utt3,0
P3-19,53,mustard_1_1666,0
P3-19,54,meld_dia923_utt5,0
P3-19,55,mustard_1_1484,0
P3-19,56,mustard_1_11378,0
P3-19,57,chsims_video_0010_0034,0
P3-19,58,mosi_VbQk4H8hgr0_24,0
P3-19,59,mosi_HEsqda8_d0Q_17,0
P3-19,60,meld_dia916_utt10,0
P3-19,61,meld_dia941_utt11,0
P3-19,62,iemocap_Ses02F_impro02_F011,0
P3-19,63,meld_dia853_utt2,0
P3-19,64,iemocap_Ses02F_impro04_M007,1
P3-19,65,iemocap_Ses01F_script03_2_M030,0
P3-19,66,mosi_LSi-o-IrDMs_13,0
P3-19,67,iemocap_Ses03M_script03_1_M021,0
P3-19,68,iemocap_Ses01M_impro07_M001,1
P3-19,69,meld_dia859_utt0,0
P3-19,70,mosi_QN9ZIUWUXsY_9,0
P3-19,71,meld_dia744_utt1,0
P3-19,72,meld_dia561_utt1,0
P3-19,73,meld_dia893_utt14,0
P3-19,74,iemocap_Ses01F_impro02_F003,0
P3-19,75,mosi_G6GlGvlkxAQ_22,0
P3-19,76,chsims_video_0007_0005,0
P3-19,77,chsims_aqgy4_0022_00001,0
P3-19,78,chsims_aqgy5_0029_00032,0
P3-19,79,meld_dia632_utt5,0
P3-19,80,meld_dia175_utt1,1
P3-19,81,iemocap_Ses01F_script02_2_M044,0
P3-19,82,meld_dia811_utt0,0
P3-19,83,chsims_aqgy5_0016_00032,0
P3-19,84,meld_dia572_utt8,0
P3-19,85,iemocap_Ses03F_script01_2_F002,0
P3-19,86,iemocap_Ses05F_impro02_F026,0
P3-19,87,mustard_2_288,1
P3-19,88,chsims_aqgy5_0021_00015,0
P3-19,89,meld_dia804_utt2,0
P3-19,90,iemocap_Ses02M_script03_1_M009,0
P3-19,91,iemocap_Ses04F_script02_2_F046,0
P3-19,92,meld_dia720_utt4,1
P3-19,93,meld_dia706_utt8,0
P3-19,94,iemocap_Ses04M_script03_1_F026,0
P3-19,95,meld_dia457_utt11,0
P3-19,96,mosi_Sqr0AcuoNnk_6,1
P3-19,97,chsims_aqgy5_0031_00029,0
P3-19,98,chsims_video_0022_0006,0
P3-19,99,meld_dia146_utt2,0
P3-19,100,meld_dia528_utt4,0
P3-19,101,iemocap_Ses02F_script03_1_F021,0
P3-19,102,mustard_2_546,1
P3-19,103,chsims_video_0027_0011,0
P3-19,104,meld_dia347_utt5,0
P3-19,105,chsims_video_0040_0014,0
P3-19,106,mosi_Qr1Ca94K55A_9,0
P3-19,107,iemocap_Ses04M_impro05_M041,1
P3-19,108,chsims_video_0054_0160,0
P3-19,109,chsims_video_0010_0007,0
P3-19,110,chsims_aqgy3_0005_00030,0
P3-19,111,meld_dia637_utt3,0
P3-19,112,meld_dia298_utt1,0
P3-19,113,meld_dia931_utt2,0
P3-19,114,meld_dia466_utt14,0
P3-19,115,meld_dia497_utt2,0
P3-19,116,chsims_video_0053_0049,0
P3-19,117,iemocap_Ses01M_impro01_F028,0
P3-19,118,iemocap_Ses04F_script03_1_F008,0
P3-19,119,chsims_aqgy5_0007_00033,0
P3-19,120,mosi_yDtzw_Y-7RU_4,0
P3-19,121,mosi_bvLlb-M3UXU_22,0
P3-19,122,meld_dia181_utt1,1
P3-19,123,meld_dia598_utt0,0
P3-19,124,mustard_1_2354,1
P3-19,125,mustard_1_4576,1
P3-19,126,mosi_BioHAh1qJAQ_30,0
P3-19,127,chsims_video_0027_0017,0
P3-19,128,mosi_fvVhgmXxadc_2,0
P3-19,129,meld_dia671_utt1,0
P3-19,130,iemocap_Ses01M_script02_2_F038,0
P3-19,131,iemocap_Ses02F_script03_2_M007,0
P3-19,132,iemocap_Ses03M_impro03_M029,0
P3-19,133,chsims_video_0023_0037,0
P3-19,134,meld_dia58_utt6,1
P3-19,135,iemocap_Ses04F_impro04_F009,0
P3-19,136,iemocap_Ses03F_script02_2_F038,0
P3-19,137,mustard_2_490,0
P3-19,138,iemocap_Ses03M_impro07_F011,0
P3-19,139,meld_dia533_utt3,1
P3-19,140,chsims_aqgy5_0007_00012,0
P3-19,141,meld_dia270_utt0,0
P3-19,142,chsims_video_0046_0034,1
P3-19,143,meld_dia54_utt4,0
P3-19,144,meld_dia988_utt4,0
P3-19,145,chsims_aqgy4_0001_00009,0
P3-19,146,mosi_yDtzw_Y-7RU_17,1
P3-19,147,iemocap_Ses02M_impro06_M018,0
P3-19,148,meld_dia438_utt8,0
P3-19,149,meld_dia853_utt7,0
P3-19,150,meld_dia666_utt9,1
P3-19,151,meld_dia310_utt5,0
P3-19,152,chsims_video_0026_0009,0
P3-19,153,chsims_aqgy3_0005_00014,0
P3-19,154,chsims_aqgy5_0018_00020,0
P3-19,155,chsims_video_0030_0008,0
P3-19,156,meld_dia735_utt6,0
P3-19,157,meld_dia865_utt3,0
P3-19,158,iemocap_Ses02M_impro02_F011,0
P3-19,159,chsims_aqgy5_0017_00001,0
P3-19,160,mustard_2_74,0
P3-19,161,chsims_video_0006_0008,0
P3-19,162,mustard_1_5134,0
P3-19,163,mosi_d6hH302o4v8_21,0
P3-19,164,iemocap_Ses02F_impro04_F001,1
P3-19,165,chsims_aqgy5_0022_00017,0
P3-19,166,mustard_1_8417,1
P3-19,167,chsims_aqgy5_0002_00000,0
P3-19,168,chsims_aqgy5_0009_00033,1
P3-19,169,chsims_aqgy5_0026_00003,0
P3-19,170,chsims_video_0005_0012,0
P3-19,171,meld_dia947_utt3,0
P3-19,172,mosi_jUzDDGyPkXU_22,0
P3-19,173,iemocap_Ses02M_script01_3_M029,0
P3-19,174,meld_dia50_utt1,0
P3-19,175,mosi_lXPQBPVc5Cw_29,0
P3-19,176,mustard_1_3476,0
P3-19,177,chsims_video_0045_0031,0
P3-19,178,mosi_5W7Z1C_fDaE_20,0
P3-19,179,mustard_1_2830,1
P3-19,180,meld_dia572_utt18,0
P3-19,181,mustard_2_121,0
P3-19,182,chsims_video_0054_0069,0
P3-19,183,meld_dia634_utt3,0
P3-19,184,chsims_aqgy5_0025_00023,0
P3-19,185,iemocap_Ses03F_script01_3_F034,0
P3-19,186,mosi_d6hH302o4v8_4,0
P3-20,0,chsims_aqgy5_0008_00010,0
P3-20,1,mosi_HEsqda8_d0Q_9,0
P3-20,2,chsims_video_0048_0020,0
P3-20,3,meld_dia446_utt13,0
P3-20,4,chsims_aqgy5_0009_00020,0
P3-20,5,iemocap_Ses04F_impro01_F018,0
P3-20,6,chsims_video_0059_0009,1
P3-20,7,meld_dia587_utt0,0
P3-20,8,chsims_video_0056_0078,1
P3-20,9,chsims_video_0058_0008,0
P3-20,10,meld_dia1022_utt6,0
P3-20,11,chsims_video_0005_0011,0
P3-20,12,meld_dia615_utt11,0
P3-20,13,meld_dia89_utt0,1
P3-20,14,mosi_BvYR0L6f2Ig_17,0
P3-20,15,mosi_dq3Nf_lMPnE_13,0
P3-20,16,meld_dia210_utt5,0
P3-20,17,meld_dia816_utt4,0
P3-20,18,chsims_aqgy5_0031_00056,0
P3-20,19,iemocap_Ses03M_script01_3_F008,0
P3-20,20,iemocap_Ses02F_script01_1_F029,0
P3-20,21,chsims_aqgy5_0028_00045,0
P3-20,22,iemocap_Ses05F_script03_1_M004,0
P3-20,23,chsims_aqgy4_0010_00030,0
P3-20,24,chsims_aqgy4_0004_00000,0
P3-20,25,chsims_video_0025_0010,1
P3-20,26,iemocap_Ses05M_script03_2_M022,0
P3-20,27,mosi_rnaNMUZpvvg_11,0
P3-20,28,chsims_video_0025_0039,0
P3-20,29,meld_dia908_utt14,0
P3-20,30,meld_dia182_utt4,0
P3-20,31,iemocap_Ses05F_script03_1_M026,0
P3-20,32,meld_dia365_utt6,0
P3-20,33,chsims_aqgy5_0020_00027,1
P3-20,34,meld_dia886_utt4,0
P3-20,35,chsims_video_0035_0021,0
P3-20,36,chsims_aqgy5_0014_00045,0
P3-20,37,meld_dia1035_utt1,0
P3-20,38,mosi_Oz06ZWiO20M_11,0
P3-20,39,mosi_2WGyTLYerpo_19,1
P3-20,40,meld_dia145_utt13,0
P3-20,41,iemocap_Ses03F_script01_3_F012,1
P3-20,42,meld_dia365_utt5,0
P3-20,43,meld_dia693_utt4,0
P3-20,44,meld_dia179_utt19,0
P3-20,45,mosi_VbQk4H8hgr0_50,1
P3-20,46,mosi_v0zCBqDeKcE_10,0
P3-20,47,meld_dia623_utt2,1
P3-20,48,iemocap_Ses03F_impro08_M018,1
P3-20,49,chsims_video_0028_0007,0
P3-20,50,iemocap_Ses03M_script01_3_M010,1
P3-20,51,iemocap_Ses03M_script01_3_M000,0
P3-20,52,iemocap_Ses04M_script02_1_F004,0
P3-20,53,mosi_Qr1Ca94K55A_5,0
P3-20,54,mosi_etzxEpPuc6I_7,1
P3-20,55,chsims_aqgy4_0016_00023,0
P3-20,56,mustard_1_1560,0
P3-20,57,iemocap_Ses02M_impro04_M010,0
P3-20,58,chsims_aqgy4_0010_00007,0
P3-20,59,mosi_rnaNMUZpvvg_16,0
P3-20,60,meld_dia692_utt0,0
P3-20,61,iemocap_Ses04F_impro02_F016,0
P3-20,62,mosi_BioHAh1qJAQ_15,0
P3-20,63,chsims_aqgy4_0007_00008,0
P3-20,64,meld_dia665_utt1,0
P3-20,65,mosi_1DmNV9C1hbY_11,0
P3-20,66,iemocap_Ses03M_script01_3_M017,0
P3-20,67,meld_dia920_utt0,0
P3-20,68,chsims_video_0024_0057,0
P3-20,69,mosi_73jzhE8R1TQ_3,1
P3-20,70,mosi_BvYR0L6f2Ig_6,0
P3-20,71,meld_dia969_utt6,0
P3-20,72,meld_dia167_utt0,0
P3-20,73,iemocap_Ses03F_impro02_M019,1
P3-20,74,chsims_aqgy5_0005_00031,0
P3-20,75,iemocap_Ses05M_script03_1_M028,0
P3-20,76,mustard_2_50,0
P3-20,77,mosi_dq3Nf_lMPnE_1,0
P3-20,78,meld_dia204_utt6,0
P3-20,79,meld_dia398_utt6,0
P3-20,80,meld_dia832_utt14,0
P3-20,81,chsims_video_0027_0045,0
P3-20,82,iemocap_Ses04F_impro07_M010,0
P3-20,83,meld_dia63_utt4,1
P3-20,84,meld_dia884_utt14,0
P3-20,85,chsims_video_0041_0008,0
P3-20,86,iemocap_Ses05F_impro05_F017,1
P3-20,87,iemocap_Ses01M_script01_3_M001,0
P3-20,88,meld_dia610_utt0,0
P3-20,89,chsims_aqgy5_0006_00002,0
P3-20,90,iemocap_Ses04F_impro02_F011,0
P3-20,91,chsims_video_0029_0008,0
P3-20,92,chsims_aqgy5_0008_00025,1
P3-20,93,meld_dia983_utt5,1
P3-20,94,iemocap_Ses02M_script01_1_M007,0
P3-20,95,chsims_video_0053_0037,0
P3-20,96,meld_dia998_utt0,0
P3-20,97,meld_dia908_utt16,0
P3-20,98,chsims_video_0053_0005,0
P3-20,99,meld_dia307_utt8,0
P3-20,100,meld_dia730_utt5,0
P3-20,101,iemocap_Ses04M_impro03_F002,0
P3-20,102,iemocap_Ses01M_script01_2_M001,0
P3-20,103,iemocap_Ses01M_script01_2_F014,1
P3-20,104,meld_dia342_utt6,0
P3-20,105,iemocap_Ses04F_impro05_F005,0
P3-20,106,chsims_aqgy4_0019_00001,0
P3-20,107,iemocap_Ses03F_impro03_F000,0
P3-20,108,iemocap_Ses02M_impro01_M019,0
P3-20,109,mosi_BXuRRbG0Ugk_16,1
P3-20,110,chsims_video_0010_0005,0
P3-20,111,iemocap_Ses03M_script03_2_M044,0
P3-20,112,meld_dia553_utt7,0
P3-20,113,iemocap_Ses02M_script01_1_F026,0
P3-20,114,meld_dia99_utt8,0
P3-20,115,chsims_aqgy5_0025_00007,0
P3-20,116,chsims_test12_00016,0
P3-20,117,mosi_zhpQhgha_KU_20,1
P3-20,118,meld_dia168_utt2,0
P3-20,119,chsims_video_0026_0013,0
P3-20,120,mustard_2_2,0
P3-20,121,iemocap_Ses04M_script03_2_F024,0
P3-20,122,meld_dia666_utt2,0
P3-20,123,chsims_aqgy4_0004_00021,0
P3-20,124,chsims_aqgy3_0002_00005,0
P3-20,125,mustard_1_1296,0
P3-20,126,iemocap_Ses02M_script02_2_M005,0
P3-20,127,iemocap_Ses02F_impro05_F000,0
P3-20,128,chsims_aqgy5_0031_00016,0
P3-20,129,chsims_video_0005_0010,0
P3-20,130,mosi_c5xsKMxpXnc_9,0
P3-20,131,mosi_7JsX8y1ysxY_34,0
P3-20,132,mosi_Ci-AH39fi3Y_3,1
P3-20,133,iemocap_Ses01M_impro05_M027,0
P3-20,134,meld_dia733_utt10,0
P3-20,135,iemocap_Ses01F_impro03_M021,0
P3-20,136,chsims_video_0056_0023,0
P3-20,137,iemocap_Ses02M_impro02_M013,0
P3-20,138,mosi_7JsX8y1ysxY_24,0
P3-20,139,chsims_video_0054_0058,0
P3-20,140,mustard_1_11098,1
P3-20,141,meld_dia978_utt2,0
P3-20,142,mosi_0h-zjBukYpk_25,0
P3-20,143,chsims_video_0011_0034,1
P3-20,144,mosi_bvLlb-M3UXU_14,0
P3-20,145,mosi_cXypl4FnoZo_28,1
P3-20,146,iemocap_Ses03F_script01_1_F026,1
P3-20,147,mosi_IumbAb8q2dM_20,0
P3-20,148,mustard_2_170,0
P3-20,149,chsims_video_0056_0037,0
P3-20,150,mosi_0h-zjBukYpk_24,1
P3-20,151,mosi_Iu2PFX3z_1s_2,0
P3-20,152,mosi_f9O3YtZ2VfI_6,0
P3-20,153,iemocap_Ses03M_impro04_F017,0
P3-20,154,chsims_aqgy5_0028_00044,0
P3-20,155,iemocap_Ses01M_impro01_M009,0
P3-20,156,iemocap_Ses02F_impro07_M002,0
P3-20,157,chsims_video_0006_0010,0
P3-20,158,mustard_1_6020,1
P3-20,159,mosi_etzxEpPuc6I_17,0
P3-20,160,mosi_d6hH302o4v8_20,0
P3-20,161,mosi_v0zCBqDeKcE_3,0
P3-20,162,meld_dia383_utt1,0
P3-20,163,iemocap_Ses04F_script01_1_F034,0
P3-20,164,meld_dia285_utt0,0
P3-20,165,meld_dia614_utt16,0
P3-20,166,chsims_video_0024_0086,0
P3-20,167,chsims_aqgy5_0003_00003,0
P3-20,168,chsims_aqgy4_0018_00012,0
P3-20,169,mosi_yvsjCA6Y5Fc_11,0
P3-20,170,chsims_video_xjzw_00027,1
P3-20,171,mustard_1_1003,0
P3-20,172,chsims_aqgy5_0013_00005,0
P3-20,173,chsims_aqgy5_0001_00002,0
P3-20,174,meld_dia857_utt11,0
P3-20,175,mosi_IumbAb8q2dM_21,0
P3-20,176,meld_dia950_utt7,0
P3-20,177,meld_dia960_utt0,0
P3-20,178,mustard_2_586,1
P3-20,179,meld_dia604_utt4,0
P3-20,180,chsims_aqgy5_0031_00001,0
P3-20,181,iemocap_Ses03F_script03_2_M022,0
P3-20,182,meld_dia447_utt2,0
P3-20,183,meld_dia861_utt14,0
P3-20,184,mosi_f_pcplsH_V0_15,0
P3-20,185,meld_dia818_utt6,0
P3-20,186,mosi_c5xsKMxpXnc_3,0
