display_id,source_id,dataset
S0001,chsims_aqgy4_0008_00039,chsims
S0002,iemocap_Ses04M_impro02_F026,iemocap
S0003,meld_dia130_utt12,meld
S0004,mosi_Qr1Ca94K55A_12,mosi
S0005,chsims_aqgy3_0005_00014,chsims
S0006,iemocap_Ses01M_impro01_M019,iemocap
S0007,mosi_HEsqda8_d0Q_19,mosi
S0008,mustard_1_10495,mustard
S0009,mosi_yDtzw_Y-7RU_4,mosi
S0010,chsims_video_0047_0078,chsims
S0011,mustard_1_10797,mustard
S0012,iemocap_Ses02M_script01_2_F011,iemocap
S0013,iemocap_Ses05F_impro03_F042,iemocap
S0014,iemocap_Ses01M_impro07_F004,iemocap
S0015,iemocap_Ses03F_script03_1_F006,iemocap
S0016,meld_dia143_utt3,meld
S0017,iemocap_Ses03M_script01_1_F034,iemocap
S0018,meld_dia806_utt3,meld
S0019,mustard_1_1931,mustard
S0020,chsims_video_0056_0077,chsims
S0021,chsims_aqgy5_0025_00009,chsims
S0022,meld_dia851_utt13,meld
S0023,iemocap_Ses05F_script01_3_F003,iemocap
S0024,meld_dia175_utt11,meld
S0025,chsims_aqgy5_0029_00010,chsims
S0026,mosi_ob23OKe5a9Q_4,mosi
S0027,meld_dia962_utt2,meld
S0028,chsims_video_0005_0012,chsims
S0029,chsims_aqgy3_0006_00001,chsims
S0030,chsims_video_0013_0028,chsims
S0031,mustard_2_34,mustard
S0032,iemocap_Ses03F_impro06_F004,iemocap
S0033,chsims_video_0001_0032,chsims
S0034,iemocap_Ses05F_impro05_F011,iemocap
S0035,meld_dia352_utt1,meld
S0036,iemocap_Ses03M_script01_2_F014,iemocap
S0037,chsims_video_0025_0053,chsims
S0038,meld_dia434_utt11,meld
S0039,meld_dia791_utt10,meld
S0040,mosi_tmZoasNr4rU_13,mosi
S0041,mosi_yvsjCA6Y5Fc_4,mosi
S0042,mosi_iiK8YX8oH1E_4,mosi
S0043,iemocap_Ses03M_script01_3_M017,iemocap
S0044,mustard_1_7661,mustard
S0045,chsims_video_0010_0005,chsims
S0046,iemocap_Ses04M_impro01_M016,iemocap
S0047,iemocap_Ses03M_script01_2_F016,iemocap
S0048,iemocap_Ses04M_impro08_F014,iemocap
S0049,iemocap_Ses02M_impro03_F008,iemocap
S0050,iemocap_Ses04F_impro04_F004,iemocap
S0051,meld_dia572_utt18,meld
S0052,chsims_aqgy4_0007_00023,chsims
S0053,mosi_PZ-lDQFboO8_12,mosi
S0054,chsims_aqgy5_0009_00023,chsims
S0055,meld_dia802_utt0,meld
S0056,iemocap_Ses02M_impro07_F017,iemocap
S0057,chsims_aqgy5_0011_00016,chsims
S0058,meld_dia873_utt5,meld
S0059,meld_dia508_utt13,meld
S0060,iemocap_Ses05M_script01_3_M038,iemocap
S0061,mosi_G-xst2euQUc_7,mosi
S0062,mosi_VbQk4H8hgr0_14,mosi
S0063,mustard_2_69,mustard
S0064,meld_dia907_utt4,meld
S0065,mustard_1_8045,mustard
S0066,mosi_BXuRRbG0Ugk_16,mosi
S0067,chsims_aqgy5_0017_00020,chsims
S0068,meld_dia296_utt10,meld
S0069,chsims_video_0039_0008,chsims
S0070,iemocap_Ses03F_script03_2_F040,iemocap
S0071,iemocap_Ses01M_impro07_F023,iemocap
S0072,chsims_aqgy5_0012_00008,chsims
S0073,iemocap_Ses05F_script01_3_F009,iemocap
S0074,meld_dia989_utt11,meld
S0075,iemocap_Ses03F_script02_1_F014,iemocap
S0076,iemocap_Ses05F_impro04_F022,iemocap
S0077,chsims_video_0045_0002,chsims
S0078,mosi_atnd_PF-Lbs_9,mosi
S0079,iemocap_Ses01M_script03_2_M022,iemocap
S0080,meld_dia312_utt11,meld
S0081,chsims_video_0024_0042,chsims
S0082,iemocap_Ses01M_script02_1_F017,iemocap
S0083,iemocap_Ses04M_script02_2_F031,iemocap
S0084,mustard_2_493,mustard
S0085,meld_dia66_utt7,meld
S0086,mosi_yvsjCA6Y5Fc_7,mosi
S0087,iemocap_Ses03M_impro07_M023,iemocap
S0088,chsims_video_0042_0014,chsims
S0089,chsims_aqgy3_0004_00031,chsims
S0090,chsims_aqgy5_0007_00014,chsims
S0091,mosi_Bfr499ggo-0_21,mosi
S0092,iemocap_Ses01M_script01_2_M002,iemocap
S0093,iemocap_Ses01M_script02_2_F013,iemocap
S0094,mosi_fvVhgmXxadc_2,mosi
S0095,chsims_video_0053_0016,chsims
S0096,mosi_8qrpnFRGt2A_12,mosi
S0097,iemocap_Ses03F_script01_1_F034,iemocap
S0098,chsims_video_0054_0069,chsims
S0099,mosi_I5y0__X72p0_34,mosi
S0100,iemocap_Ses01M_impro04_M003,iemocap
S0101,meld_dia651_utt8,meld
S0102,mosi_9qR7uwkblbs_24,mosi
S0103,iemocap_Ses04M_impro02_F030,iemocap
S0104,meld_dia138_utt0,meld
S0105,iemocap_Ses01F_script03_1_F028,iemocap
S0106,iemocap_Ses05F_script01_3_M014,iemocap
S0107,mosi_BioHAh1qJAQ_16,mosi
S0108,iemocap_Ses03M_script02_2_M031,iemocap
S0109,mosi_Vj1wYRQjB-o_6,mosi
S0110,meld_dia810_utt12,meld
S0111,meld_dia706_utt8,meld
S0112,chsims_aqgy4_0010_00013,chsims
S0113,iemocap_Ses02F_script03_1_F021,iemocap
S0114,iemocap_Ses04F_impro07_M009,iemocap
S0115,mosi_dq3Nf_lMPnE_11,mosi
S0116,mosi_Sqr0AcuoNnk_9,mosi
S0117,mustard_1_5880,mustard
S0118,chsims_video_0056_0050,chsims
S0119,chsims_video_0024_0093,chsims
S0120,meld_dia1030_utt3,meld
S0121,iemocap_Ses05F_script01_1_F036,iemocap
S0122,chsims_aqgy5_0002_00011,chsims
S0123,mosi_Nzq88NnDkEk_16,mosi
S0124,meld_dia204_utt12,meld
S0125,iemocap_Ses02F_impro04_F003,iemocap
S0126,chsims_aqgy4_0016_00007,chsims
S0127,mosi_jUzDDGyPkXU_17,mosi
S0128,chsims_video_0041_0008,chsims
S0129,meld_dia468_utt1,meld
S0130,iemocap_Ses04M_impro02_M010,iemocap
S0131,iemocap_Ses04F_impro05_F003,iemocap
S0132,meld_dia57_utt3,meld
S0133,mosi_1iG0909rllw_2,mosi
S0134,meld_dia120_utt2,meld
S0135,chsims_csbgs2_0001_00029,chsims
S0136,meld_dia649_utt15,meld
S0137,iemocap_Ses01M_script01_1_F027,iemocap
S0138,mosi_tIrG4oNLFzE_14,mosi
S0139,mustard_2_527,mustard
S0140,meld_dia112_utt4,meld
S0141,iemocap_Ses02F_script02_1_M041,iemocap
S0142,mustard_2_548,mustard
S0143,iemocap_Ses02M_script02_2_F036,iemocap
S0144,chsims_video_0051_0029,chsims
S0145,meld_dia53_utt2,meld
S0146,chsims_aqgy5_0032_00015,chsims
S0147,chsims_video_0046_0060,chsims
S0148,chsims_video_0054_0137,chsims
S0149,chsims_video_0022_0021,chsims
S0150,iemocap_Ses03M_impro02_M012,iemocap
S0151,chsims_video_0055_0015,chsims
S0152,meld_dia875_utt6,meld
S0153,mosi_d6hH302o4v8_29,mosi
S0154,iemocap_Ses02F_impro01_F017,iemocap
S0155,mustard_1_12083,mustard
S0156,chsims_video_0001_0025,chsims
S0157,meld_dia1029_utt7,meld
S0158,iemocap_Ses02M_impro01_M009,iemocap
S0159,chsims_video_0023_0052,chsims
S0160,mosi_ob23OKe5a9Q_10,mosi
S0161,mustard_1_6020,mustard
S0162,mosi_9qR7uwkblbs_18,mosi
S0163,chsims_video_0034_0015,chsims
S0164,meld_dia960_utt4,meld
S0165,mosi_k5Y_838nuGo_25,mosi
S0166,mosi_GWuJjcEuzt8_3,mosi
S0167,mustard_1_10496,mustard
S0168,iemocap_Ses02F_impro03_F013,iemocap
S0169,iemocap_Ses02F_impro05_F008,iemocap
S0170,chsims_video_0024_0037,chsims
S0171,iemocap_Ses03F_script01_1_F028,iemocap
S0172,mustard_1_11697,mustard
S0173,iemocap_Ses03M_impro06_F010,iemocap
S0174,chsims_aqgy4_0001_00026,chsims
S0175,mosi_X3j2zQgwYgE_9,mosi
S0176,iemocap_Ses03M_impro05a_M015,iemocap
S0177,iemocap_Ses02F_script02_2_M028,iemocap
S0178,chsims_aqgy5_0013_00005,chsims
S0179,chsims_video_0056_0037,chsims
S0180,mosi_iiK8YX8oH1E_7,mosi
S0181,chsims_video_0056_0065,chsims
S0182,chsims_video_0024_0021,chsims
S0183,iemocap_Ses02M_impro02_F002,iemocap
S0184,mosi_Dg_0XKD0Mf4_14,mosi
S0185,chsims_video_0060_0039,chsims
S0186,chsims_aqgy5_0028_00043,chsims
S0187,chsims_aqgy4_0005_00008_0,chsims
S0188,iemocap_Ses03M_script03_2_M044,iemocap
S0189,meld_dia665_utt2,meld
S0190,iemocap_Ses03M_impro03_F040,iemocap
S0191,iemocap_Ses03F_impro03_F015,iemocap
S0192,meld_dia571_utt11,meld
S0193,mosi_8d-gEyoeBzc_5,mosi
S0194,meld_dia978_utt2,meld
S0195,iemocap_Ses04F_script03_1_F026,iemocap
S0196,meld_dia536_utt12,meld
S0197,chsims_video_0028_0007,chsims
S0198,meld_dia347_utt5,meld
S0199,iemocap_Ses05M_script03_2_M000,iemocap
S0200,mosi_GWuJjcEuzt8_2,mosi
S0201,meld_dia232_utt5,meld
S0202,meld_dia99_utt7,meld
S0203,meld_dia67_utt13,meld
S0204,meld_dia965_utt0,meld
S0205,mosi_7JsX8y1ysxY_17,mosi
S0206,mustard_1_11913,mustard
S0207,chsims_aqgy5_0031_00013,chsims
S0208,chsims_video_0009_0024,chsims
S0209,mosi_aiEXnCPZubE_24,mosi
S0210,mosi_HEsqda8_d0Q_23,mosi
S0211,chsims_video_0017_0016,chsims
S0212,meld_dia25_utt10,meld
S0213,mosi_Bfr499ggo-0_5,mosi
S0214,meld_dia49_utt12,meld
S0215,meld_dia739_utt10,meld
S0216,mosi_v0zCBqDeKcE_3,mosi
S0217,meld_dia820_utt18,meld
S0218,iemocap_Ses02F_script01_1_M037,iemocap
S0219,chsims_video_0059_0003,chsims
S0220,mosi_jUzDDGyPkXU_5,mosi
S0221,mosi_1iG0909rllw_18,mosi
S0222,mosi_iiK8YX8oH1E_14,mosi
S0223,iemocap_Ses03M_impro03_M005,iemocap
S0224,meld_dia344_utt3,meld
S0225,meld_dia182_utt11,meld
S0226,mustard_1_8505,mustard
S0227,meld_dia281_utt6,meld
S0228,meld_dia967_utt4,meld
S0229,chsims_aqgy5_0020_00002,chsims
S0230,mosi_cXypl4FnoZo_19,mosi
S0231,meld_dia632_utt5,meld
S0232,mosi_rnaNMUZpvvg_5,mosi
S0233,iemocap_Ses05M_impro02_M019,iemocap
S0234,meld_dia948_utt9,meld
S0235,chsims_video_0017_0013,chsims
S0236,chsims_video_0013_0031,chsims
S0237,meld_dia670_utt1,meld
S0238,iemocap_Ses01F_script03_1_F011,iemocap
S0239,mosi_yvsjCA6Y5Fc_16,mosi
S0240,iemocap_Ses04F_script01_1_F038,iemocap
S0241,mustard_2_429,mustard
S0242,meld_dia542_utt4,meld
S0243,mosi_ob23OKe5a9Q_5,mosi
S0244,chsims_aqgy3_0001_00010,chsims
S0245,mustard_2_376,mustard
S0246,meld_dia638_utt4,meld
S0247,chsims_aqgy5_0020_00003,chsims
S0248,mustard_1_5617,mustard
S0249,meld_dia447_utt2,meld
S0250,mosi_cXypl4FnoZo_29,mosi
S0251,meld_dia961_utt3,meld
S0252,iemocap_Ses02F_script03_1_F009,iemocap
S0253,iemocap_Ses03M_script03_1_F028,iemocap
S0254,mosi_wMbj6ajWbic_1,mosi
S0255,mosi__dI--eQ6qVU_19,mosi
S0256,iemocap_Ses05F_script01_3_M019,iemocap
S0257,chsims_video_0005_0009,chsims
S0258,mustard_1_11098,mustard
S0259,mosi_8qrpnFRGt2A_6,mosi
S0260,iemocap_Ses04M_impro03_F002,iemocap
S0261,mosi_aiEXnCPZubE_9,mosi
S0262,chsims_aqgy5_0005_00031,chsims
S0263,meld_dia1022_utt12,meld
S0264,meld_dia542_utt2,meld
S0265,iemocap_Ses03F_impro07_M018,iemocap
S0266,chsims_video_0042_0012,chsims
S0267,chsims_aqgy3_0004_00000,chsims
S0268,iemocap_Ses02F_script02_1_M039,iemocap
S0269,chsims_aqgy5_0031_00008,chsims
S0270,meld_dia358_utt13,meld
S0271,chsims_aqgy5_0028_00042,chsims
S0272,iemocap_Ses04F_script01_2_M017,iemocap
S0273,chsims_video_0024_0065,chsims
S0274,iemocap_Ses01F_script03_2_M003,iemocap
S0275,chsims_video_xjzw_00003,chsims
S0276,mosi_BvYR0L6f2Ig_6,mosi
S0277,iemocap_Ses05M_script01_1_M010,iemocap
S0278,chsims_aqgy3_0007_00002,chsims
S0279,iemocap_Ses04F_script03_1_F024,iemocap
S0280,mustard_2_622,mustard
S0281,chsims_video_0022_0006,chsims
S0282,mosi_cW1FSBF59ik_11,mosi
S0283,meld_dia960_utt7,meld
S0284,meld_dia893_utt15,meld
S0285,chsims_test13_00003,chsims
S0286,mustard_2_494,mustard
S0287,iemocap_Ses04F_impro03_M009,iemocap
S0288,iemocap_Ses01M_impro05_M027,iemocap
S0289,meld_dia64_utt4,meld
S0290,chsims_video_0051_0023,chsims
S0291,iemocap_Ses02F_script03_2_F013,iemocap
S0292,meld_dia429_utt5,meld
S0293,chsims_aqgy5_0032_00017,chsims
S0294,iemocap_Ses05F_script01_2_F006,iemocap
S0295,iemocap_Ses04M_script01_1_F038,iemocap
S0296,mustard_2_247,mustard
S0297,mosi_vvZ4IcEtiZc_10,mosi
S0298,mosi_HEsqda8_d0Q_14,mosi
S0299,meld_dia119_utt9,meld
S0300,iemocap_Ses01F_script03_2_F027,iemocap
S0301,iemocap_Ses04M_script02_2_F014,iemocap
S0302,iemocap_Ses04M_script03_2_F024,iemocap
S0303,mosi_9J25DZhivz8_10,mosi
S0304,iemocap_Ses04F_script01_3_F016,iemocap
S0305,meld_dia1032_utt9,meld
S0306,iemocap_Ses01F_script02_1_F017,iemocap
S0307,chsims_video_0060_0008,chsims
S0308,iemocap_Ses03M_impro01_F007,iemocap
S0309,chsims_video_0032_0007,chsims
S0310,chsims_video_0040_0042,chsims
S0311,mosi_9J25DZhivz8_18,mosi
S0312,meld_dia515_utt2,meld
S0313,meld_dia69_utt5,meld
S0314,iemocap_Ses05M_script03_1_F029,iemocap
S0315,iemocap_Ses01M_script01_1_M013,iemocap
S0316,iemocap_Ses02M_script01_1_F028,iemocap
S0317,meld_dia806_utt13,meld
S0318,mosi_nzpVDcQ0ywM_19,mosi
S0319,mosi_73jzhE8R1TQ_19,mosi
S0320,mosi_G6GlGvlkxAQ_22,mosi
S0321,iemocap_Ses02M_script01_1_F027,iemocap
S0322,iemocap_Ses04F_script01_2_F012,iemocap
S0323,iemocap_Ses02M_script02_1_M042,iemocap
S0324,meld_dia3_utt1,meld
S0325,iemocap_Ses04M_script01_3_F025,iemocap
S0326,iemocap_Ses02F_impro03_M012,iemocap
S0327,chsims_video_0025_0002,chsims
S0328,mosi_2WGyTLYerpo_17,mosi
S0329,chsims_video_0038_0025,chsims
S0330,mustard_2_174,mustard
S0331,iemocap_Ses05M_script01_2_M016,iemocap
S0332,mustard_2_109,mustard
S0333,meld_dia839_utt13,meld
S0334,chsims_video_0025_0014,chsims
S0335,mosi_f_pcplsH_V0_5,mosi
S0336,chsims_test12_00016,chsims
S0337,meld_dia714_utt1,meld
S0338,chsims_video_0023_0011,chsims
S0339,mustard_1_1470,mustard
S0340,chsims_aqgy5_0033_00014,chsims
S0341,chsims_aqgy4_0024_00010,chsims
S0342,iemocap_Ses05F_impro04_F009,iemocap
S0343,iemocap_Ses03F_script02_2_F038,iemocap
S0344,mosi_cW1FSBF59ik_18,mosi
S0345,iemocap_Ses04M_impro05_F041,iemocap
S0346,chsims_aqgy5_0005_00042,chsims
S0347,iemocap_Ses02M_script01_1_F000,iemocap
S0348,mosi_wMbj6ajWbic_18,mosi
S0349,iemocap_Ses01M_impro03_F012,iemocap
S0350,meld_dia455_utt7,meld
S0351,chsims_video_0023_0014,chsims
S0352,mosi_rnaNMUZpvvg_1,mosi
S0353,chsims_video_0005_0010,chsims
S0354,iemocap_Ses02M_script01_3_F027,iemocap
S0355,meld_dia574_utt7,meld
S0356,meld_dia1036_utt16,meld
S0357,chsims_video_0010_0009,chsims
S0358,iemocap_Ses03M_script03_1_F011,iemocap
S0359,chsims_aqgy4_0020_00005,chsims
S0360,iemocap_Ses05F_impro01_M015,iemocap
S0361,iemocap_Ses01M_impro03_F023,iemocap
S0362,iemocap_Ses01M_script03_1_F024,iemocap
S0363,mosi_9qR7uwkblbs_25,mosi
S0364,chsims_video_0038_0022,chsims
S0365,chsims_video_0035_0035,chsims
S0366,mosi_HEsqda8_d0Q_26,mosi
S0367,meld_dia279_utt2,meld
S0368,meld_dia723_utt4,meld
S0369,mosi_jUzDDGyPkXU_7,mosi
S0370,meld_dia629_utt7,meld
S0371,iemocap_Ses05M_script02_1_M028,iemocap
S0372,iemocap_Ses04M_script03_1_F027,iemocap
S0373,meld_dia615_utt22,meld
S0374,meld_dia331_utt0,meld
S0375,iemocap_Ses04M_impro02_M026,iemocap
S0376,chsims_aqgy5_0007_00020,chsims
S0377,chsims_video_0015_0025,chsims
S0378,meld_dia366_utt8,meld
S0379,iemocap_Ses05F_impro01_M007,iemocap
S0380,chsims_aqgy5_0007_00012,chsims
S0381,chsims_video_0009_0021,chsims
S0382,meld_dia150_utt1,meld
S0383,chsims_video_0005_0017,chsims
S0384,mosi_cM3Yna7AavY_16,mosi
S0385,mosi_cW1FSBF59ik_20,mosi
S0386,meld_dia821_utt4,meld
S0387,mosi_yvsjCA6Y5Fc_19,mosi
S0388,meld_dia853_utt7,meld
S0389,iemocap_Ses03F_impro07_F003,iemocap
S0390,meld_dia93_utt0,meld
S0391,iemocap_Ses01M_impro01_F028,iemocap
S0392,mustard_1_1189,mustard
S0393,meld_dia910_utt12,meld
S0394,mosi_LSi-o-IrDMs_11,mosi
S0395,chsims_video_0057_0014,chsims
S0396,meld_dia725_utt2,meld
S0397,iemocap_Ses01M_script01_2_F008,iemocap
S0398,chsims_aqgy5_0010_00011,chsims
S0399,mustard_2_131,mustard
S0400,mosi_aiEXnCPZubE_7,mosi
S0401,meld_dia24_utt0,meld
S0402,iemocap_Ses04M_impro07_M031,iemocap
S0403,meld_dia202_utt13,meld
S0404,meld_dia212_utt3,meld
S0405,meld_dia33_utt0,meld
S0406,chsims_aqgy5_0007_00037,chsims
S0407,meld_dia223_utt5,meld
S0408,mosi_tStelxIAHjw_2,mosi
S0409,chsims_aqgy5_0024_00014,chsims
S0410,mustard_1_6769,mustard
S0411,chsims_aqgy4_0001_00018,chsims
S0412,meld_dia823_utt6,meld
S0413,mosi_etzxEpPuc6I_9,mosi
S0414,iemocap_Ses03M_impro08b_F006,iemocap
S0415,iemocap_Ses04F_impro07_M042,iemocap
S0416,iemocap_Ses05F_impro03_M006,iemocap
S0417,iemocap_Ses02F_script01_1_F042,iemocap
S0418,iemocap_Ses04F_script02_2_F033,iemocap
S0419,iemocap_Ses01F_script01_1_M036,iemocap
S0420,mosi_BvYR0L6f2Ig_13,mosi
S0421,iemocap_Ses02M_script02_2_F002,iemocap
S0422,chsims_video_0009_0022,chsims
S0423,chsims_aqgy4_0018_00016,chsims
S0424,iemocap_Ses03F_impro02_M019,iemocap
S0425,iemocap_Ses03F_impro02_F037,iemocap
S0426,meld_dia477_utt11,meld
S0427,iemocap_Ses05M_impro02_F017,iemocap
S0428,iemocap_Ses02F_script03_2_M002,iemocap
S0429,iemocap_Ses01M_script01_2_F014,iemocap
S0430,chsims_video_0028_0004,chsims
S0431,chsims_video_0006_0004,chsims
S0432,mosi_1DmNV9C1hbY_1,mosi
S0433,meld_dia474_utt4,meld
S0434,meld_dia455_utt14,meld
S0435,chsims_video_0032_0001,chsims
S0436,meld_dia264_utt15,meld
S0437,chsims_video_0048_0020,chsims
S0438,mosi_d6hH302o4v8_36,mosi
S0439,iemocap_Ses01F_script03_2_M030,iemocap
S0440,iemocap_Ses04F_script01_3_M044,iemocap
S0441,meld_dia658_utt10,meld
S0442,mosi_phBUpBr1hSo_15,mosi
S0443,mustard_1_4544,mustard
S0444,meld_dia39_utt0,meld
S0445,iemocap_Ses01F_script02_2_M002,iemocap
S0446,chsims_video_0055_0009,chsims
S0447,iemocap_Ses01F_impro05_M030,iemocap
S0448,mosi_Iu2PFX3z_1s_7,mosi
S0449,chsims_video_0025_0044,chsims
S0450,meld_dia735_utt6,meld
S0451,meld_dia983_utt3,meld
S0452,mosi_2WGyTLYerpo_13,mosi
S0453,meld_dia733_utt12,meld
S0454,chsims_video_0027_0034,chsims
S0455,iemocap_Ses05M_impro02_F018,iemocap
S0456,iemocap_Ses04F_script02_2_F012,iemocap
S0457,mosi_HEsqda8_d0Q_5,mosi
S0458,chsims_aqgy5_0009_00033,chsims
S0459,chsims_video_0030_0022,chsims
S0460,iemocap_Ses03F_impro08_M018,iemocap
S0461,iemocap_Ses03F_impro08_M026,iemocap
S0462,chsims_aqgy4_0004_00006,chsims
S0463,iemocap_Ses03F_impro06_F019,iemocap
S0464,meld_dia585_utt2,meld
S0465,chsims_aqgy4_0001_00043,chsims
S0466,meld_dia1008_utt1,meld
S0467,mosi_Oz06ZWiO20M_23,mosi
S0468,chsims_aqgy4_0005_00007,chsims
S0469,chsims_video_xjzw_00020,chsims
S0470,mustard_1_9971,mustard
S0471,meld_dia184_utt13,meld
S0472,chsims_video_xjzw_00072,chsims
S0473,chsims_aqgy5_0018_00019,chsims
S0474,chsims_video_0024_0075,chsims
S0475,iemocap_Ses01M_script03_1_F019,iemocap
S0476,meld_dia760_utt3,meld
S0477,mosi_X3j2zQgwYgE_5,mosi
S0478,meld_dia1017_utt3,meld
S0479,mosi_9T9Hf74oK10_10,mosi
S0480,mosi_W8NXH0Djyww_21,mosi
S0481,meld_dia803_utt6,meld
S0482,mosi_5W7Z1C_fDaE_10,mosi
S0483,chsims_video_0054_0168,chsims
S0484,iemocap_Ses01M_script02_2_F031,iemocap
S0485,meld_dia176_utt10,meld
S0486,chsims_aqgy5_0003_00018,chsims
S0487,meld_dia913_utt8,meld
S0488,meld_dia871_utt2,meld
S0489,chsims_aqgy5_0031_00041,chsims
S0490,chsims_aqgy4_0004_00000,chsims
S0491,meld_dia307_utt9,meld
S0492,chsims_video_0022_0012,chsims
S0493,meld_dia344_utt15,meld
S0494,meld_dia214_utt3,meld
S0495,meld_dia130_utt6,meld
S0496,meld_dia301_utt9,meld
S0497,chsims_aqgy5_0021_00015,chsims
S0498,iemocap_Ses05F_script01_1_F024,iemocap
S0499,chsims_aqgy5_0009_00040,chsims
S0500,mustard_1_8452,mustard
S0501,chsims_video_0025_0036,chsims
S0502,mustard_1_11236,mustard
S0503,mustard_1_7047,mustard
S0504,mosi_atnd_PF-Lbs_13,mosi
S0505,meld_dia816_utt4,meld
S0506,meld_dia153_utt3,meld
S0507,iemocap_Ses05M_script02_2_F024,iemocap
S0508,iemocap_Ses02M_impro02_M013,iemocap
S0509,mosi_nzpVDcQ0ywM_21,mosi
S0510,iemocap_Ses03M_impro07_M003,iemocap
S0511,chsims_video_0017_0015,chsims
S0512,chsims_video_0025_0024,chsims
S0513,mosi_lXPQBPVc5Cw_7,mosi
S0514,iemocap_Ses05M_script03_2_M005,iemocap
S0515,chsims_video_0049_0002,chsims
S0516,meld_dia1012_utt4,meld
S0517,iemocap_Ses03M_script01_3_M000,iemocap
S0518,iemocap_Ses05M_impro01_M010,iemocap
S0519,chsims_video_0045_0020,chsims
S0520,mosi_dq3Nf_lMPnE_12,mosi
S0521,iemocap_Ses02M_script02_2_F010,iemocap
S0522,meld_dia869_utt13,meld
S0523,meld_dia561_utt9,meld
S0524,chsims_aqgy5_0031_00040,chsims
S0525,meld_dia640_utt12,meld
S0526,mosi_etzxEpPuc6I_7,mosi
S0527,iemocap_Ses05F_script03_2_F026,iemocap
S0528,mosi_Jkswaaud0hk_10,mosi
S0529,meld_dia392_utt12,meld
S0530,meld_dia89_utt4,meld
S0531,mosi_POKffnXeBds_9,mosi
S0532,chsims_video_0045_0049,chsims
S0533,mosi_lXPQBPVc5Cw_3,mosi
S0534,mosi_VCslbP0mgZI_17,mosi
S0535,iemocap_Ses03F_script01_1_F030,iemocap
S0536,mustard_1_6648,mustard
S0537,iemocap_Ses03F_script02_2_F012,iemocap
S0538,meld_dia1022_utt6,meld
S0539,chsims_aqgy5_0015_00011,chsims
S0540,iemocap_Ses01F_script02_1_F004,iemocap
S0541,meld_dia112_utt3,meld
S0542,meld_dia257_utt0,meld
S0543,iemocap_Ses02M_script01_2_F010,iemocap
S0544,meld_dia398_utt6,meld
S0545,iemocap_Ses03M_script01_1_F021,iemocap
S0546,iemocap_Ses04M_impro07_F003,iemocap
S0547,iemocap_Ses05M_script01_3_M040,iemocap
S0548,mosi_tmZoasNr4rU_10,mosi
S0549,chsims_aqgy5_0016_00023,chsims
S0550,meld_dia15_utt18,meld
S0551,meld_dia860_utt0,meld
S0552,mustard_2_443,mustard
S0553,iemocap_Ses02M_impro05_M001,iemocap
S0554,chsims_video_0024_0010,chsims
S0555,mosi_Sqr0AcuoNnk_6,mosi
S0556,iemocap_Ses04F_impro01_F010,iemocap
S0557,iemocap_Ses02F_script03_2_F028,iemocap
S0558,iemocap_Ses02F_script02_2_F038,iemocap
S0559,chsims_test2_00006,chsims
S0560,mosi_73jzhE8R1TQ_15,mosi
S0561,mosi_I5y0__X72p0_17,mosi
S0562,chsims_video_0052_0013,chsims
S0563,meld_dia962_utt0,meld
S0564,mosi_2iD-tVS8NPw_8,mosi
S0565,chsims_video_0013_0004,chsims
S0566,mosi_rnaNMUZpvvg_8,mosi
S0567,iemocap_Ses05M_script03_2_M022,iemocap
S0568,meld_dia310_utt5,meld
S0569,mosi_X3j2zQgwYgE_10,mosi
S0570,iemocap_Ses01F_script03_2_F025,iemocap
S0571,chsims_video_0054_0062,chsims
S0572,chsims_video_0031_0015,chsims
S0573,meld_dia553_utt7,meld
S0574,iemocap_Ses05M_script02_1_F014,iemocap
S0575,mosi_bOL9jKpeJRs_10,mosi
S0576,mosi_Sqr0AcuoNnk_14,mosi
S0577,chsims_test5_00011,chsims
S0578,meld_dia54_utt20,meld
S0579,mustard_1_1484,mustard
S0580,meld_dia843_utt14,meld
S0581,meld_dia299_utt3,meld
S0582,iemocap_Ses05M_impro06_M013,iemocap
S0583,chsims_aqgy4_0001_00022,chsims
S0584,chsims_video_0011_0033,chsims
S0585,mosi_0h-zjBukYpk_21,mosi
S0586,iemocap_Ses05F_script03_1_M013,iemocap
S0587,iemocap_Ses04M_script03_1_F026,iemocap
S0588,chsims_aqgy5_0008_00022,chsims
S0589,iemocap_Ses04F_script01_1_F034,iemocap
S0590,meld_dia621_utt6,meld
S0591,mustard_1_4789,mustard
S0592,chsims_aqgy4_0009_00014,chsims
S0593,meld_dia923_utt12,meld
S0594,meld_dia636_utt5,meld
S0595,chsims_video_0046_0043,chsims
S0596,iemocap_Ses02M_impro01_M014,iemocap
S0597,chsims_aqgy3_0001_00011,chsims
S0598,mosi_5W7Z1C_fDaE_20,mosi
S0599,mosi_HEsqda8_d0Q_16,mosi
S0600,meld_dia561_utt5,meld
S0601,mosi_7JsX8y1ysxY_6,mosi
S0602,chsims_video_0003_0005,chsims
S0603,chsims_video_0015_0030,chsims
S0604,meld_dia546_utt12,meld
S0605,iemocap_Ses02M_script02_1_M002,iemocap
S0606,mosi_HEsqda8_d0Q_17,mosi
S0607,chsims_test12_00026,chsims
S0608,iemocap_Ses03F_script01_3_F035,iemocap
S0609,iemocap_Ses05M_impro01_M008,iemocap
S0610,mustard_2_409,mustard
S0611,chsims_video_0008_0002,chsims
S0612,mosi_c7UH_rxdZv4_19,mosi
S0613,meld_dia111_utt5,meld
S0614,iemocap_Ses03F_script03_2_M022,iemocap
S0615,iemocap_Ses05F_impro05_F041,iemocap
S0616,mosi_c7UH_rxdZv4_18,mosi
S0617,mustard_1_4281,mustard
S0618,chsims_video_0056_0003,chsims
S0619,meld_dia39_utt15,meld
S0620,mosi_d6hH302o4v8_42,mosi
S0621,iemocap_Ses04F_script03_2_F039,iemocap
S0622,meld_dia1029_utt1,meld
S0623,mosi_dq3Nf_lMPnE_1,mosi
S0624,chsims_aqgy4_0009_00011,chsims
S0625,meld_dia512_utt13,meld
S0626,iemocap_Ses05M_impro07_F007,iemocap
S0627,meld_dia109_utt8,meld
S0628,mustard_1_2778,mustard
S0629,meld_dia372_utt2,meld
S0630,mosi_phBUpBr1hSo_10,mosi
S0631,chsims_video_0048_0026,chsims
S0632,iemocap_Ses02M_impro02_F007,iemocap
S0633,chsims_video_0012_0027,chsims
S0634,iemocap_Ses01F_impro07_M014,iemocap
S0635,chsims_video_0049_0012,chsims
S0636,iemocap_Ses04F_impro02_M010,iemocap
S0637,mosi_9J25DZhivz8_12,mosi
S0638,chsims_aqgy4_0012_00051,chsims
S0639,meld_dia312_utt6,meld
S0640,chsims_aqgy5_0028_00024,chsims
S0641,iemocap_Ses01M_script01_1_F011,iemocap
S0642,meld_dia342_utt2,meld
S0643,mustard_1_427,mustard
S0644,iemocap_Ses02M_script01_1_M025,iemocap
S0645,chsims_video_0035_0031,chsims
S0646,iemocap_Ses05M_script01_1b_M019,iemocap
S0647,iemocap_Ses04F_script01_1_F036,iemocap
S0648,mosi_BXuRRbG0Ugk_31,mosi
S0649,meld_dia844_utt13,meld
S0650,meld_dia747_utt16,meld
S0651,meld_dia478_utt0,meld
S0652,meld_dia1035_utt1,meld
S0653,iemocap_Ses04F_impro07_F078,iemocap
S0654,mosi_yvsjCA6Y5Fc_8,mosi
S0655,chsims_video_0024_0067,chsims
S0656,meld_dia129_utt5,meld
S0657,meld_dia598_utt4,meld
S0658,iemocap_Ses04M_impro01_M013,iemocap
S0659,iemocap_Ses02F_script02_2_F002,iemocap
S0660,chsims_video_0010_0030,chsims
S0661,iemocap_Ses05F_script01_2_F010,iemocap
S0662,mosi_tmZoasNr4rU_8,mosi
S0663,chsims_video_0053_0060,chsims
S0664,meld_dia908_utt6,meld
S0665,meld_dia946_utt7,meld
S0666,iemocap_Ses05F_script01_1_F035,iemocap
S0667,chsims_video_0001_0020,chsims
S0668,chsims_aqgy5_0008_00025,chsims
S0669,meld_dia819_utt6,meld
S0670,meld_dia438_utt11,meld
S0671,mosi_atnd_PF-Lbs_7,mosi
S0672,chsims_video_0060_0004,chsims
S0673,chsims_video_0024_0013,chsims
S0674,iemocap_Ses05F_impro01_F012,iemocap
S0675,chsims_aqgy5_0013_00020,chsims
S0676,iemocap_Ses01F_script02_1_F022,iemocap
S0677,chsims_aqgy5_0013_00025,chsims
S0678,meld_dia947_utt3,meld
S0679,iemocap_Ses03F_script01_3_M022,iemocap
S0680,iemocap_Ses03F_impro01_F005,iemocap
S0681,meld_dia288_utt16,meld
S0682,iemocap_Ses05M_script02_2_F005,iemocap
S0683,chsims_aqgy5_0020_00027,chsims
S0684,mosi_5W7Z1C_fDaE_6,mosi
S0685,iemocap_Ses03M_script03_1_F030,iemocap
S0686,meld_dia335_utt0,meld
S0687,mosi_yDtzw_Y-7RU_16,mosi
S0688,chsims_aqgy4_0018_00014,chsims
S0689,chsims_video_0023_0023,chsims
S0690,iemocap_Ses01M_impro07_F012,iemocap
S0691,iemocap_Ses02F_impro02_F006,iemocap
S0692,chsims_aqgy4_0018_00003,chsims
S0693,meld_dia189_utt6,meld
S0694,chsims_aqgy5_0018_00013,chsims
S0695,mosi_Nzq88NnDkEk_2,mosi
S0696,iemocap_Ses04M_script02_1_F018,iemocap
S0697,chsims_video_0024_0097,chsims
S0698,meld_dia9_utt3,meld
S0699,mosi_c7UH_rxdZv4_5,mosi
S0700,mosi_yDtzw_Y-7RU_17,mosi
S0701,meld_dia463_utt6,meld
S0702,chsims_video_0011_0018,chsims
S0703,chsims_csbgs2_0001_00024,chsims
S0704,chsims_video_0051_0006,chsims
S0705,iemocap_Ses04F_impro07_F059,iemocap
S0706,mosi_PZ-lDQFboO8_9,mosi
S0707,mosi_9qR7uwkblbs_23,mosi
S0708,mustard_1_2830,mustard
S0709,meld_dia91_utt0,meld
S0710,meld_dia571_utt13,meld
S0711,meld_dia315_utt1,meld
S0712,mosi_LSi-o-IrDMs_5,mosi
S0713,meld_dia13_utt0,meld
S0714,meld_dia532_utt2,meld
S0715,chsims_aqgy5_0013_00004,chsims
S0716,meld_dia950_utt1,meld
S0717,iemocap_Ses05F_impro03_M039,iemocap
S0718,mustard_2_258,mustard
S0719,iemocap_Ses03F_script02_1_F012,iemocap
S0720,meld_dia450_utt12,meld
S0721,meld_dia214_utt2,meld
S0722,iemocap_Ses03M_impro06_M010,iemocap
S0723,meld_dia11_utt9,meld
S0724,iemocap_Ses04F_script01_3_F009,iemocap
S0725,iemocap_Ses04F_impro07_M010,iemocap
S0726,meld_dia994_utt1,meld
S0727,meld_dia767_utt6,meld
S0728,iemocap_Ses05F_script01_3_F019,iemocap
S0729,mosi_bOL9jKpeJRs_9,mosi
S0730,iemocap_Ses03M_script03_1_M027,iemocap
S0731,meld_dia908_utt16,meld
S0732,mosi_d6hH302o4v8_39,mosi
S0733,mosi_tStelxIAHjw_6,mosi
S0734,meld_dia619_utt1,meld
S0735,iemocap_Ses02M_impro06_M018,iemocap
S0736,iemocap_Ses03M_script01_3_M010,iemocap
S0737,chsims_aqgy5_0021_00008,chsims
S0738,meld_dia366_utt5,meld
S0739,meld_dia648_utt4,meld
S0740,meld_dia921_utt9,meld
S0741,mosi_ZUXBRvtny7o_34,mosi
S0742,meld_dia718_utt0,meld
S0743,mustard_1_11224,mustard
S0744,chsims_video_0034_0007,chsims
S0745,iemocap_Ses05M_script01_3_M030,iemocap
S0746,mustard_1_3766,mustard
S0747,chsims_video_0023_0054,chsims
S0748,mosi_ZUXBRvtny7o_16,mosi
S0749,chsims_aqgy4_0011_00023,chsims
S0750,iemocap_Ses05F_script01_3_M025,iemocap
S0751,chsims_video_0021_0011,chsims
S0752,iemocap_Ses01F_impro06_F006,iemocap
S0753,meld_dia446_utt5,meld
S0754,chsims_video_0057_0001,chsims
S0755,iemocap_Ses05M_script03_1_M000,iemocap
S0756,iemocap_Ses05M_script03_2_F013,iemocap
S0757,mustard_2_161,mustard
S0758,meld_dia638_utt7,meld
S0759,meld_dia382_utt1,meld
S0760,chsims_video_0045_0007,chsims
S0761,mosi_yvsjCA6Y5Fc_14,mosi
S0762,iemocap_Ses03M_script03_1_M026,iemocap
S0763,iemocap_Ses01M_impro05_F009,iemocap
S0764,iemocap_Ses03M_impro03_F031,iemocap
S0765,chsims_aqgy4_0009_00002_0,chsims
S0766,chsims_csbgs2_0003_00010,chsims
S0767,mosi_G-xst2euQUc_14,mosi
S0768,chsims_aqgy4_0007_00017,chsims
S0769,iemocap_Ses02F_impro06_F009,iemocap
S0770,meld_dia886_utt4,meld
S0771,meld_dia367_utt14,meld
S0772,chsims_video_0006_0017,chsims
S0773,chsims_aqgy5_0025_00007,chsims
S0774,mustard_2_595,mustard
S0775,mustard_1_7953,mustard
S0776,chsims_aqgy5_0028_00017,chsims
S0777,chsims_aqgy4_0018_00015,chsims
S0778,iemocap_Ses01M_script01_1_M020,iemocap
S0779,chsims_video_0060_0006,chsims
S0780,iemocap_Ses02F_impro01_M021,iemocap
S0781,chsims_aqgy3_0006_00000,chsims
S0782,chsims_video_0045_0031,chsims
S0783,mosi_VbQk4H8hgr0_19,mosi
S0784,chsims_aqgy4_0005_00042,chsims
S0785,iemocap_Ses02F_script02_2_M031,iemocap
S0786,mustard_1_11378,mustard
S0787,mosi_etzxEpPuc6I_10,mosi
S0788,chsims_csbgs2_0002_00008,chsims
S0789,meld_dia106_utt4,meld
S0790,chsims_test6_00006,chsims
S0791,chsims_video_0002_0028,chsims
S0792,iemocap_Ses04M_impro02_M016,iemocap
S0793,chsims_video_0018_0004,chsims
S0794,iemocap_Ses03F_script02_1_F018,iemocap
S0795,chsims_aqgy4_0016_00000,chsims
S0796,chsims_video_0058_0009,chsims
S0797,meld_dia329_utt10,meld
S0798,mosi_c7UH_rxdZv4_13,mosi
S0799,meld_dia945_utt4,meld
S0800,meld_dia450_utt8,meld
S0801,meld_dia79_utt0,meld
S0802,iemocap_Ses04M_script01_2_M017,iemocap
S0803,meld_dia412_utt12,meld
S0804,meld_dia298_utt1,meld
S0805,mosi_c7UH_rxdZv4_2,mosi
S0806,meld_dia702_utt2,meld
S0807,chsims_video_0027_0027,chsims
S0808,iemocap_Ses02M_script01_1_F016,iemocap
S0809,meld_dia733_utt8,meld
S0810,chsims_video_0010_0037,chsims
S0811,mustard_2_312,mustard
S0812,meld_dia296_utt14,meld
S0813,chsims_aqgy5_0013_00007,chsims
S0814,mosi_9J25DZhivz8_1,mosi
S0815,iemocap_Ses02M_script01_1_M022,iemocap
S0816,iemocap_Ses04F_impro08_M022,iemocap
S0817,meld_dia767_utt2,meld
S0818,meld_dia466_utt5,meld
S0819,chsims_video_0009_0008,chsims
S0820,iemocap_Ses05F_script03_1_F021,iemocap
S0821,iemocap_Ses03F_impro07_F014,iemocap
S0822,iemocap_Ses02M_script03_2_F012,iemocap
S0823,iemocap_Ses02F_script03_2_F038,iemocap
S0824,iemocap_Ses01F_impro05_F018,iemocap
S0825,meld_dia712_utt7,meld
S0826,iemocap_Ses04M_impro01_M021,iemocap
S0827,chsims_aqgy5_0017_00033,chsims
S0828,iemocap_Ses03M_impro08b_F011,iemocap
S0829,iemocap_Ses02F_impro02_F007,iemocap
S0830,mustard_2_236,mustard
S0831,iemocap_Ses04M_impro04_F016,iemocap
S0832,chsims_video_0053_0009,chsims
S0833,chsims_video_0015_0033,chsims
S0834,iemocap_Ses05M_impro01_M004,iemocap
S0835,mosi_8OtFthrtaJM_3,mosi
S0836,meld_dia82_utt10,meld
S0837,mustard_2_235,mustard
S0838,chsims_video_0031_0017,chsims
S0839,mosi_rnaNMUZpvvg_21,mosi
S0840,chsims_aqgy5_0029_00006,chsims
S0841,mosi_lXPQBPVc5Cw_14,mosi
S0842,meld_dia923_utt5,meld
S0843,meld_dia130_utt14,meld
S0844,chsims_video_0024_0029,chsims
S0845,iemocap_Ses05F_script01_2_M016,iemocap
S0846,chsims_aqgy5_0022_00009,chsims
S0847,meld_dia985_utt0,meld
S0848,chsims_video_0031_0006,chsims
S0849,chsims_video_0006_0012,chsims
S0850,mosi_BioHAh1qJAQ_20,mosi
S0851,iemocap_Ses02M_script03_2_M012,iemocap
S0852,mosi_Iu2PFX3z_1s_8,mosi
S0853,chsims_video_0055_0034,chsims
S0854,chsims_aqgy4_0011_00027,chsims
S0855,chsims_aqgy3_0005_00000,chsims
S0856,mosi_Clx4VXItLTE_7,mosi
S0857,iemocap_Ses03M_impro03_F014,iemocap
S0858,mustard_2_420,mustard
S0859,chsims_video_0051_0028,chsims
S0860,chsims_video_0002_0009,chsims
S0861,chsims_video_0002_0033,chsims
S0862,chsims_aqgy5_0013_00001,chsims
S0863,chsims_aqgy5_0006_00002,chsims
S0864,iemocap_Ses02F_script03_2_F003,iemocap
S0865,chsims_video_0060_0020,chsims
S0866,iemocap_Ses01F_impro05_F010,iemocap
S0867,mosi_rnaNMUZpvvg_22,mosi
S0868,chsims_video_0010_0018,chsims
S0869,chsims_aqgy5_0004_00018,chsims
S0870,iemocap_Ses03F_impro02_F036,iemocap
S0871,iemocap_Ses03M_script03_2_M002,iemocap
S0872,meld_dia1025_utt6,meld
S0873,meld_dia796_utt16,meld
S0874,chsims_aqgy5_0007_00030,chsims
S0875,iemocap_Ses03F_script03_2_F030,iemocap
S0876,meld_dia673_utt8,meld
S0877,mustard_1_7186,mustard
S0878,meld_dia34_utt5,meld
S0879,chsims_video_0001_0015,chsims
S0880,iemocap_Ses05F_impro04_F032,iemocap
S0881,mosi_c5xsKMxpXnc_7,mosi
S0882,meld_dia804_utt5,meld
S0883,meld_dia791_utt19,meld
S0884,meld_dia412_utt8,meld
S0885,mustard_2_288,mustard
S0886,mustard_2_430,mustard
S0887,chsims_video_0010_0035,chsims
S0888,meld_dia448_utt5,meld
S0889,iemocap_Ses03M_impro03_F026,iemocap
S0890,chsims_video_0036_0009,chsims
S0891,iemocap_Ses04M_script03_2_F040,iemocap
S0892,chsims_test11_00009,chsims
S0893,iemocap_Ses02M_script01_3_F015,iemocap
S0894,meld_dia861_utt8,meld
S0895,chsims_video_0040_0038,chsims
S0896,iemocap_Ses05M_impro02_M025,iemocap
S0897,meld_dia947_utt2,meld
S0898,meld_dia816_utt0,meld
S0899,chsims_video_0041_0002,chsims
S0900,chsims_video_0023_0038,chsims
S0901,mosi_lXPQBPVc5Cw_2,mosi
S0902,chsims_aqgy5_0014_00011,chsims
S0903,iemocap_Ses01F_script03_1_F031,iemocap
S0904,iemocap_Ses03F_script03_2_F037,iemocap
S0905,chsims_aqgy5_0006_00014,chsims
S0906,meld_dia915_utt7,meld
S0907,chsims_video_0009_0040,chsims
S0908,meld_dia333_utt2,meld
S0909,meld_dia15_utt15,meld
S0910,chsims_video_0006_0014,chsims
S0911,chsims_aqgy5_0018_00020,chsims
S0912,chsims_video_0035_0032,chsims
S0913,meld_dia574_utt3,meld
S0914,chsims_video_0032_0015,chsims
S0915,iemocap_Ses05F_script01_1_M034,iemocap
S0916,meld_dia905_utt1,meld
S0917,iemocap_Ses04F_script03_2_M002,iemocap
S0918,iemocap_Ses02F_script03_2_M013,iemocap
S0919,iemocap_Ses01F_script03_2_F035,iemocap
S0920,iemocap_Ses03M_script02_1_F019,iemocap
S0921,chsims_aqgy3_0004_00023,chsims
S0922,meld_dia33_utt10,meld
S0923,meld_dia119_utt8,meld
S0924,mosi_d6hH302o4v8_32,mosi
S0925,mosi_7JsX8y1ysxY_24,mosi
S0926,iemocap_Ses03M_script03_2_F030,iemocap
S0927,meld_dia50_utt1,meld
S0928,chsims_aqgy5_0007_00032,chsims
S0929,chsims_video_0043_0024,chsims
S0930,chsims_aqgy3_0008_00001,chsims
S0931,meld_dia649_utt0,meld
S0932,chsims_video_0032_0004,chsims
S0933,chsims_aqgy5_0032_00007,chsims
S0934,mustard_2_573,mustard
S0935,iemocap_Ses02M_script03_2_F038,iemocap
S0936,iemocap_Ses02F_impro05_F015,iemocap
S0937,chsims_video_0013_0011,chsims
S0938,iemocap_Ses01M_script03_2_F014,iemocap
S0939,iemocap_Ses01F_impro07_F016,iemocap
S0940,mosi_zhpQhgha_KU_12,mosi
S0941,iemocap_Ses05F_impro07_F022,iemocap
S0942,chsims_aqgy5_0019_00008,chsims
S0943,chsims_video_xjzw_00041,chsims
S0944,mustard_2_504,mustard
S0945,chsims_video_0045_0032,chsims
S0946,mustard_2_508,mustard
S0947,iemocap_Ses03M_impro07_F011,iemocap
S0948,mosi_8OtFthrtaJM_2,mosi
S0949,mosi_lXPQBPVc5Cw_5,mosi
S0950,iemocap_Ses03M_impro05b_M026,iemocap
S0951,chsims_aqgy4_0001_00064,chsims
S0952,chsims_video_0052_0007,chsims
S0953,chsims_video_0029_0008,chsims
S0954,meld_dia707_utt14,meld
S0955,chsims_aqgy4_0004_00021,chsims
S0956,chsims_video_0048_0001,chsims
S0957,iemocap_Ses03F_impro03_M011,iemocap
S0958,iemocap_Ses04M_impro08_M000,iemocap
S0959,mustard_1_5212,mustard
S0960,meld_dia640_utt16,meld
S0961,chsims_video_0053_0014,chsims
S0962,meld_dia811_utt0,meld
S0963,meld_dia270_utt3,meld
S0964,meld_dia576_utt10,meld
S0965,meld_dia744_utt1,meld
S0966,meld_dia345_utt3,meld
S0967,chsims_test15_00011,chsims
S0968,chsims_video_xjzw_00027,chsims
S0969,mosi_03bSnISJMiM_1,mosi
S0970,meld_dia326_utt5,meld
S0971,chsims_aqgy5_0024_00001,chsims
S0972,iemocap_Ses04M_script02_2_M025,iemocap
S0973,chsims_video_0009_0009,chsims
S0974,meld_dia792_utt15,meld
S0975,mustard_1_6426,mustard
S0976,meld_dia523_utt16,meld
S0977,chsims_aqgy5_0029_00003,chsims
S0978,meld_dia609_utt0,meld
S0979,chsims_video_0054_0131,chsims
S0980,chsims_video_0053_0005,chsims
S0981,meld_dia201_utt1,meld
S0982,chsims_aqgy4_0022_00000,chsims
S0983,chsims_aqgy5_0033_00022,chsims
S0984,iemocap_Ses02F_script02_2_F043,iemocap
S0985,chsims_aqgy4_0001_00048,chsims
S0986,chsims_video_0047_0072,chsims
S0987,mustard_2_105,mustard
S0988,chsims_video_0027_0017,chsims
S0989,chsims_video_0011_0034,chsims
S0990,iemocap_Ses02F_impro01_M022,iemocap
S0991,chsims_csbgs2_0001_00007,chsims
S0992,iemocap_Ses04F_impro04_F009,iemocap
S0993,iemocap_Ses02F_impro01_F021,iemocap
S0994,iemocap_Ses02F_script03_2_M005,iemocap
S0995,chsims_video_0024_0076,chsims
S0996,meld_dia173_utt2,meld
S0997,meld_dia601_utt3,meld
S0998,chsims_video_0005_0011,chsims
S0999,mosi_73jzhE8R1TQ_3,mosi
S1000,meld_dia263_utt2,meld
S1001,mustard_2_318,mustard
S1002,meld_dia516_utt5,meld
S1003,meld_dia717_utt4,meld
S1004,meld_dia648_utt2,meld
S1005,iemocap_Ses03F_impro02_M030,iemocap
S1006,iemocap_Ses02M_impro03_F013,iemocap
S1007,chsims_video_0016_0010,chsims
S1008,mosi_tIrG4oNLFzE_9,mosi
S1009,mustard_2_490,mustard
S1010,meld_dia456_utt4,meld
S1011,meld_dia434_utt10,meld
S1012,iemocap_Ses02F_script01_3_F017,iemocap
S1013,chsims_aqgy3_0008_00013,chsims
S1014,meld_dia95_utt8,meld
S1015,chsims_video_0025_0026,chsims
S1016,iemocap_Ses03M_impro07_F009,iemocap
S1017,iemocap_Ses05M_script01_3_F026,iemocap
S1018,meld_dia770_utt9,meld
S1019,iemocap_Ses01F_impro04_F030,iemocap
S1020,meld_dia722_utt5,meld
S1021,iemocap_Ses04M_script01_1_F030,iemocap
S1022,mosi_BioHAh1qJAQ_23,mosi
S1023,meld_dia183_utt9,meld
S1024,chsims_aqgy5_0008_00033,chsims
S1025,meld_dia411_utt1,meld
S1026,iemocap_Ses02M_script02_1_M038,iemocap
S1027,meld_dia755_utt3,meld
S1028,mustard_1_1732,mustard
S1029,meld_dia1035_utt0,meld
S1030,chsims_aqgy5_0031_00050,chsims
S1031,chsims_video_0026_0017,chsims
S1032,meld_dia78_utt2,meld
S1033,meld_dia466_utt14,meld
S1034,meld_dia752_utt11,meld
S1035,iemocap_Ses05M_script01_1_F029,iemocap
S1036,iemocap_Ses03M_impro04_F017,iemocap
S1037,mosi_jUzDDGyPkXU_20,mosi
S1038,iemocap_Ses03F_impro03_M004,iemocap
S1039,mustard_2_148,mustard
S1040,chsims_aqgy4_0002_00000,chsims
S1041,iemocap_Ses04F_impro02_F011,iemocap
S1042,mustard_1_10004,mustard
S1043,mustard_2_115,mustard
S1044,chsims_aqgy5_0029_00008,chsims
S1045,mosi_I5y0__X72p0_19,mosi
S1046,chsims_aqgy5_0006_00019,chsims
S1047,chsims_aqgy5_0003_00012,chsims
S1048,iemocap_Ses03M_impro02_M034,iemocap
S1049,mosi_8d-gEyoeBzc_20,mosi
S1050,meld_dia528_utt1,meld
S1051,meld_dia175_utt2,meld
S1052,iemocap_Ses02M_impro08_M017,iemocap
S1053,iemocap_Ses03F_script01_1_F032,iemocap
S1054,chsims_aqgy5_0036_00008,chsims
S1055,mustard_1_5627,mustard
S1056,iemocap_Ses03F_impro05_F011,iemocap
S1057,mustard_2_31,mustard
S1058,meld_dia560_utt6,meld
S1059,meld_dia855_utt3,meld
S1060,meld_dia851_utt14,meld
S1061,mosi_etzxEpPuc6I_8,mosi
S1062,meld_dia929_utt0,meld
S1063,mosi_VbQk4H8hgr0_50,mosi
S1064,iemocap_Ses04M_impro02_M035,iemocap
S1065,meld_dia314_utt9,meld
S1066,mosi_2WGyTLYerpo_58,mosi
S1067,iemocap_Ses04M_script03_2_F044,iemocap
S1068,meld_dia863_utt2,meld
S1069,meld_dia54_utt4,meld
S1070,chsims_video_0050_0013,chsims
S1071,meld_dia693_utt4,meld
S1072,mosi_atnd_PF-Lbs_3,mosi
S1073,iemocap_Ses02F_impro04_M007,iemocap
S1074,mosi_2iD-tVS8NPw_16,mosi
S1075,mosi_2iD-tVS8NPw_1,mosi
S1076,mustard_1_1987,mustard
S1077,mosi_VCslbP0mgZI_16,mosi
S1078,meld_dia365_utt6,meld
S1079,mosi_etzxEpPuc6I_19,mosi
S1080,chsims_aqgy5_0014_00023,chsims
S1081,chsims_video_0027_0024,chsims
S1082,chsims_video_0001_0019,chsims
S1083,chsims_csbgs2_0002_00007,chsims
S1084,chsims_aqgy4_0012_00012,chsims
S1085,chsims_video_0051_0004,chsims
S1086,meld_dia988_utt6,meld
S1087,iemocap_Ses01F_script01_1_F027,iemocap
S1088,meld_dia830_utt6,meld
S1089,meld_dia657_utt10,meld
S1090,mosi_dq3Nf_lMPnE_5,mosi
S1091,chsims_aqgy3_0005_00001,chsims
S1092,meld_dia33_utt9,meld
S1093,iemocap_Ses02F_impro05_F017,iemocap
S1094,chsims_video_0011_0031,chsims
S1095,mosi_lXPQBPVc5Cw_22,mosi
S1096,chsims_aqgy5_0017_00001,chsims
S1097,chsims_aqgy5_0032_00002,chsims
S1098,meld_dia925_utt4,meld
S1099,iemocap_Ses05M_script02_2_M026,iemocap
S1100,meld_dia289_utt2,meld
S1101,meld_dia199_utt2,meld
S1102,mustard_1_5109,mustard
S1103,meld_dia909_utt6,meld
S1104,iemocap_Ses04F_impro03_M043,iemocap
S1105,chsims_video_0055_0023,chsims
S1106,iemocap_Ses02F_script01_2_F012,iemocap
S1107,chsims_aqgy3_0008_00014,chsims
S1108,meld_dia1005_utt15,meld
S1109,chsims_video_0020_0004,chsims
S1110,meld_dia271_utt9,meld
S1111,mosi_cXypl4FnoZo_7,mosi
S1112,chsims_test12_00013,chsims
S1113,mosi_wMbj6ajWbic_16,mosi
S1114,chsims_video_0032_0022,chsims
S1115,meld_dia300_utt8,meld
S1116,meld_dia251_utt5,meld
S1117,meld_dia285_utt14,meld
S1118,chsims_video_0025_0045,chsims
S1119,chsims_video_0006_0010,chsims
S1120,mustard_1_467,mustard
S1121,mosi_yvsjCA6Y5Fc_6,mosi
S1122,meld_dia382_utt2,meld
S1123,chsims_video_0025_0049,chsims
S1124,chsims_video_0046_0024,chsims
S1125,mosi_atnd_PF-Lbs_15,mosi
S1126,chsims_aqgy4_0007_00000,chsims
S1127,mustard_1_6039,mustard
S1128,meld_dia181_utt1,meld
S1129,mosi_zhpQhgha_KU_1,mosi
S1130,chsims_aqgy5_0028_00040,chsims
S1131,meld_dia46_utt13,meld
S1132,iemocap_Ses01F_script02_1_M038,iemocap
S1133,mosi_tmZoasNr4rU_18,mosi
S1134,chsims_video_0056_0040,chsims
S1135,meld_dia635_utt0,meld
S1136,chsims_aqgy5_0005_00022,chsims
S1137,chsims_aqgy4_0003_00010,chsims
S1138,meld_dia654_utt4,meld
S1139,chsims_aqgy5_0020_00019,chsims
S1140,iemocap_Ses05M_script01_3_F005,iemocap
S1141,iemocap_Ses05F_script01_3_M016,iemocap
S1142,meld_dia946_utt8,meld
S1143,iemocap_Ses04F_script03_2_F044,iemocap
S1144,iemocap_Ses04M_impro04_M019,iemocap
S1145,mosi_v0zCBqDeKcE_10,mosi
S1146,chsims_aqgy5_0016_00042,chsims
S1147,mosi_rnaNMUZpvvg_18,mosi
S1148,iemocap_Ses01F_impro03_M003,iemocap
S1149,iemocap_Ses03M_script01_1_M009,iemocap
S1150,mosi_2iD-tVS8NPw_27,mosi
S1151,chsims_video_0021_0010,chsims
S1152,mosi_f9O3YtZ2VfI_16,mosi
S1153,chsims_aqgy4_0003_00004,chsims
S1154,iemocap_Ses02F_script01_1_M011,iemocap
S1155,chsims_video_0015_0020,chsims
S1156,iemocap_Ses04F_impro07_M085,iemocap
S1157,meld_dia815_utt0,meld
S1158,iemocap_Ses02M_impro04_M006,iemocap
S1159,meld_dia548_utt7,meld
S1160,iemocap_Ses04M_impro07_F011,iemocap
S1161,iemocap_Ses01F_impro07_M019,iemocap
S1162,mosi_9qR7uwkblbs_12,mosi
S1163,iemocap_Ses02F_impro07_M021,iemocap
S1164,mosi_lXPQBPVc5Cw_15,mosi
S1165,meld_dia615_utt21,meld
S1166,mosi_2WGyTLYerpo_22,mosi
S1167,meld_dia439_utt0,meld
S1168,iemocap_Ses05M_script01_3_M023,iemocap
S1169,mosi_Clx4VXItLTE_11,mosi
S1170,iemocap_Ses03M_script02_1_M005,iemocap
S1171,chsims_video_0017_0006,chsims
S1172,meld_dia320_utt9,meld
S1173,chsims_test5_00014,chsims
S1174,mosi_lXPQBPVc5Cw_29,mosi
S1175,chsims_csbgs2_0001_00000,chsims
S1176,chsims_video_xjzw_00029,chsims
S1177,meld_dia1012_utt11,meld
S1178,mustard_2_591,mustard
S1179,chsims_video_0051_0069,chsims
S1180,mosi_Sqr0AcuoNnk_1,mosi
S1181,meld_dia94_utt8,meld
S1182,chsims_aqgy5_0016_00035,chsims
S1183,meld_dia804_utt4,meld
S1184,meld_dia468_utt9,meld
S1185,iemocap_Ses02M_script02_2_M009,iemocap
S1186,chsims_video_0057_0024,chsims
S1187,meld_dia587_utt0,meld
S1188,mosi_yvsjCA6Y5Fc_15,mosi
S1189,chsims_video_xjzw_00010,chsims
S1190,mustard_2_408,mustard
S1191,chsims_video_0007_0005,chsims
S1192,meld_dia121_utt0,meld
S1193,meld_dia665_utt8,meld
S1194,iemocap_Ses01F_script01_2_F006,iemocap
S1195,meld_dia507_utt4,meld
S1196,mustard_2_558,mustard
S1197,chsims_aqgy5_0005_00002,chsims
S1198,iemocap_Ses03F_script03_1_F022,iemocap
S1199,mosi_G6GlGvlkxAQ_23,mosi
S1200,mosi_dq3Nf_lMPnE_14,mosi
S1201,mosi_Vj1wYRQjB-o_3,mosi
S1202,mosi_rnaNMUZpvvg_17,mosi
S1203,mosi_jUzDDGyPkXU_27,mosi
S1204,chsims_video_0031_0023,chsims
S1205,chsims_test5_00007,chsims
S1206,meld_dia49_utt14,meld
S1207,meld_dia792_utt3,meld
S1208,chsims_aqgy4_0008_00011,chsims
S1209,iemocap_Ses03M_script02_1_F018,iemocap
S1210,iemocap_Ses02M_script02_2_M028,iemocap
S1211,meld_dia808_utt7,meld
S1212,chsims_aqgy5_0010_00001,chsims
S1213,meld_dia749_utt1,meld
S1214,meld_dia745_utt10,meld
S1215,chsims_video_0025_0039,chsims
S1216,mustard_2_511,mustard
S1217,mustard_1_6766,mustard
S1218,chsims_aqgy4_0004_00018,chsims
S1219,meld_dia775_utt11,meld
S1220,mosi_wMbj6ajWbic_10,mosi
S1221,chsims_aqgy5_0010_00017,chsims
S1222,iemocap_Ses04M_impro01_M017,iemocap
S1223,mosi_Oz06ZWiO20M_11,mosi
S1224,mosi_TvyZBvOMOTc_8,mosi
S1225,chsims_aqgy5_0003_00003,chsims
S1226,iemocap_Ses04M_script02_2_F000,iemocap
S1227,iemocap_Ses04M_script01_1_M041,iemocap
S1228,mustard_1_182,mustard
S1229,iemocap_Ses01M_script01_1_F031,iemocap
S1230,meld_dia990_utt14,meld
S1231,chsims_video_0040_0044,chsims
S1232,mosi_k5Y_838nuGo_13,mosi
S1233,meld_dia997_utt7,meld
S1234,chsims_aqgy3_0005_00019,chsims
S1235,meld_dia425_utt0,meld
S1236,chsims_video_xjzw_00038,chsims
S1237,mustard_2_15,mustard
S1238,mosi_rnaNMUZpvvg_12,mosi
S1239,mosi_7JsX8y1ysxY_16,mosi
S1240,mosi_f_pcplsH_V0_1,mosi
S1241,iemocap_Ses02M_impro07_F001,iemocap
S1242,iemocap_Ses02F_script03_1_F001,iemocap
S1243,meld_dia844_utt20,meld
S1244,iemocap_Ses02F_impro03_F025,iemocap
S1245,iemocap_Ses03M_script03_2_M020,iemocap
S1246,meld_dia645_utt6,meld
S1247,meld_dia940_utt8,meld
S1248,iemocap_Ses02F_impro06_F000,iemocap
S1249,mosi_Vj1wYRQjB-o_8,mosi
S1250,meld_dia936_utt8,meld
S1251,chsims_aqgy5_0020_00010,chsims
S1252,mosi_HEsqda8_d0Q_9,mosi
S1253,chsims_aqgy5_0010_00016,chsims
S1254,meld_dia206_utt5,meld
S1255,mustard_2_380,mustard
S1256,meld_dia622_utt5,meld
S1257,iemocap_Ses05M_impro02_F003,iemocap
S1258,iemocap_Ses01M_script03_2_F035,iemocap
S1259,mosi_c7UH_rxdZv4_24,mosi
S1260,meld_dia601_utt0,meld
S1261,chsims_aqgy5_0027_00004,chsims
S1262,meld_dia589_utt8,meld
S1263,meld_dia843_utt7,meld
S1264,meld_dia820_utt6,meld
S1265,chsims_aqgy4_0008_00002,chsims
S1266,meld_dia327_utt4,meld
S1267,iemocap_Ses02M_impro04_M019,iemocap
S1268,chsims_video_0055_0014,chsims
S1269,iemocap_Ses03F_script01_3_F004,iemocap
S1270,meld_dia503_utt9,meld
S1271,chsims_video_0014_0018,chsims
S1272,chsims_aqgy5_0009_00032,chsims
S1273,iemocap_Ses01M_script03_1_F013,iemocap
S1274,mosi_Sqr0AcuoNnk_18,mosi
S1275,iemocap_Ses04F_impro03_M003,iemocap
S1276,mosi_7JsX8y1ysxY_34,mosi
S1277,mosi_GWuJjcEuzt8_9,mosi
S1278,iemocap_Ses02M_script01_3_M029,iemocap
S1279,mustard_2_440,mustard
S1280,chsims_aqgy4_0011_00026,chsims
S1281,meld_dia827_utt14,meld
S1282,iemocap_Ses05F_impro07_M028,iemocap
S1283,iemocap_Ses04M_impro05_F011,iemocap
S1284,meld_dia307_utt7,meld
S1285,mustard_1_70,mustard
S1286,chsims_video_0016_0045,chsims
S1287,iemocap_Ses05M_script02_1_M014,iemocap
S1288,iemocap_Ses03M_impro04_M041,iemocap
S1289,meld_dia358_utt18,meld
S1290,iemocap_Ses04F_script02_1_M012,iemocap
S1291,chsims_aqgy5_0015_00014,chsims
S1292,mustard_2_92,mustard
S1293,mustard_2_2,mustard
S1294,meld_dia533_utt3,meld
S1295,chsims_video_0029_0023,chsims
S1296,mosi_2WGyTLYerpo_54,mosi
S1297,meld_dia232_utt16,meld
S1298,chsims_video_0053_0058,chsims
S1299,iemocap_Ses03F_script02_2_F040,iemocap
S1300,mosi_BioHAh1qJAQ_10,mosi
S1301,mosi_nzpVDcQ0ywM_7,mosi
S1302,iemocap_Ses03M_impro04_F028,iemocap
S1303,iemocap_Ses04M_impro04_M009,iemocap
S1304,meld_dia745_utt7,meld
S1305,meld_dia791_utt11,meld
S1306,iemocap_Ses03F_script02_1_F011,iemocap
S1307,iemocap_Ses03M_script01_1_F014,iemocap
S1308,mosi_d6hH302o4v8_13,mosi
S1309,chsims_video_0051_0045,chsims
S1310,mosi_9qR7uwkblbs_29,mosi
S1311,meld_dia167_utt0,meld
S1312,chsims_aqgy5_0001_00011,chsims
S1313,chsims_test14_00005,chsims
S1314,meld_dia147_utt7,meld
S1315,meld_dia991_utt7,meld
S1316,meld_dia351_utt10,meld
S1317,iemocap_Ses05M_script01_1b_M029,iemocap
S1318,iemocap_Ses01M_impro07_M012,iemocap
S1319,mosi_d6hH302o4v8_30,mosi
S1320,chsims_video_0051_0018,chsims
S1321,chsims_video_0054_0123,chsims
S1322,chsims_video_0037_0010,chsims
S1323,chsims_video_0016_0034,chsims
S1324,mustard_2_126,mustard
S1325,chsims_video_0041_0016,chsims
S1326,meld_dia487_utt0,meld
S1327,meld_dia777_utt9,meld
S1328,meld_dia514_utt7,meld
S1329,mosi_aiEXnCPZubE_15,mosi
S1330,mosi_G6GlGvlkxAQ_21,mosi
S1331,chsims_video_0027_0018,chsims
S1332,iemocap_Ses05F_script03_2_M002,iemocap
S1333,mosi_LSi-o-IrDMs_6,mosi
S1334,iemocap_Ses04M_script03_2_F032,iemocap
S1335,meld_dia740_utt3,meld
S1336,mustard_1_6645,mustard
S1337,meld_dia49_utt11,meld
S1338,mosi_OtBXNcAL_lE_21,mosi
S1339,chsims_video_0029_0006,chsims
S1340,meld_dia667_utt3,meld
S1341,mosi_Sqr0AcuoNnk_4,mosi
S1342,iemocap_Ses04M_script03_1_F001,iemocap
S1343,mosi_nbWiPyCm4g0_4,mosi
S1344,chsims_aqgy5_0028_00004,chsims
S1345,iemocap_Ses03F_script03_1_M022,iemocap
S1346,mustard_2_344,mustard
S1347,chsims_video_0054_0135,chsims
S1348,chsims_video_0046_0034,chsims
S1349,chsims_aqgy3_0001_00017,chsims
S1350,mosi_Clx4VXItLTE_17,mosi
S1351,chsims_video_0025_0010,chsims
S1352,meld_dia175_utt1,meld
S1353,chsims_video_0030_0008,chsims
S1354,mosi_03bSnISJMiM_12,mosi
S1355,mosi_yvsjCA6Y5Fc_9,mosi
S1356,chsims_video_0055_0017,chsims
S1357,mosi_HEsqda8_d0Q_18,mosi
S1358,chsims_video_0056_0078,chsims
S1359,iemocap_Ses05M_script02_1_M025,iemocap
S1360,chsims_video_0025_0027,chsims
S1361,meld_dia401_utt10,meld
S1362,chsims_video_0022_0007,chsims
S1363,mustard_1_11253,mustard
S1364,mustard_2_449,mustard
S1365,mosi_7JsX8y1ysxY_3,mosi
S1366,iemocap_Ses03F_impro04_F001,iemocap
S1367,chsims_video_0039_0003,chsims
S1368,mosi_Jkswaaud0hk_4,mosi
S1369,meld_dia1027_utt6,meld
S1370,chsims_video_0023_0026,chsims
S1371,chsims_video_0060_0031,chsims
S1372,meld_dia279_utt0,meld
S1373,meld_dia861_utt14,meld
S1374,mosi_tIrG4oNLFzE_12,mosi
S1375,iemocap_Ses03M_script01_1_M002,iemocap
S1376,iemocap_Ses02M_script02_2_F005,iemocap
S1377,mustard_1_3371,mustard
S1378,mosi_VbQk4H8hgr0_1,mosi
S1379,chsims_video_0014_0010,chsims
S1380,meld_dia49_utt2,meld
S1381,chsims_video_0035_0021,chsims
S1382,chsims_video_0027_0001,chsims
S1383,chsims_aqgy4_0017_00005,chsims
S1384,iemocap_Ses05M_impro04_M001,iemocap
S1385,mosi_MLal-t_vJPM_17,mosi
S1386,mosi_d6hH302o4v8_15,mosi
S1387,iemocap_Ses04M_script02_1_M016,iemocap
S1388,meld_dia122_utt0,meld
S1389,chsims_aqgy5_0009_00020,chsims
S1390,iemocap_Ses04F_script01_1_F019,iemocap
S1391,meld_dia182_utt1,meld
S1392,chsims_csbgs2_0003_00011,chsims
S1393,chsims_aqgy5_0006_00005,chsims
S1394,chsims_aqgy4_0001_00027,chsims
S1395,chsims_video_0032_0023,chsims
S1396,chsims_aqgy5_0022_00002,chsims
S1397,chsims_video_0025_0009,chsims
S1398,chsims_aqgy3_0007_00000,chsims
S1399,meld_dia938_utt7,meld
S1400,mosi_Ci-AH39fi3Y_3,mosi
S1401,chsims_aqgy5_0019_00004,chsims
S1402,iemocap_Ses01M_impro01_M009,iemocap
S1403,mosi_tIrG4oNLFzE_10,mosi
S1404,meld_dia692_utt0,meld
S1405,meld_dia920_utt3,meld
S1406,iemocap_Ses02F_impro04_F001,iemocap
S1407,chsims_aqgy5_0028_00044,chsims
S1408,meld_dia236_utt12,meld
S1409,meld_dia425_utt2,meld
S1410,meld_dia671_utt7,meld
S1411,chsims_video_0052_0025,chsims
S1412,chsims_video_0005_0007,chsims
S1413,meld_dia986_utt1,meld
S1414,iemocap_Ses04M_impro05_M033,iemocap
S1415,mustard_2_223,mustard
S1416,chsims_aqgy5_0034_00008,chsims
S1417,meld_dia120_utt0,meld
S1418,meld_dia637_utt3,meld
S1419,meld_dia466_utt1,meld
S1420,chsims_csbgs2_0001_00001,chsims
S1421,iemocap_Ses05F_impro05_F017,iemocap
S1422,mosi_f9O3YtZ2VfI_13,mosi
S1423,meld_dia619_utt8,meld
S1424,iemocap_Ses03F_impro06_F033,iemocap
S1425,mosi_0h-zjBukYpk_6,mosi
S1426,chsims_aqgy3_0005_00035,chsims
S1427,meld_dia863_utt4,meld
S1428,mosi_pLTX3ipuDJI_15,mosi
S1429,mustard_1_5751,mustard
S1430,meld_dia659_utt3,meld
S1431,chsims_aqgy3_0001_00007,chsims
S1432,mustard_1_8407,mustard
S1433,iemocap_Ses02F_impro06_F002,iemocap
S1434,iemocap_Ses05M_script02_1_M033,iemocap
S1435,meld_dia407_utt4,meld
S1436,chsims_aqgy5_0030_00003,chsims
S1437,iemocap_Ses05F_script03_1_F016,iemocap
S1438,chsims_video_0007_0003,chsims
S1439,meld_dia82_utt4,meld
S1440,mosi_lXPQBPVc5Cw_20,mosi
S1441,meld_dia222_utt0,meld
S1442,iemocap_Ses03M_script02_2_F009,iemocap
S1443,chsims_video_xjzw_00001,chsims
S1444,chsims_test7_00002,chsims
S1445,chsims_aqgy3_0008_00003,chsims
S1446,chsims_aqgy3_0001_00014,chsims
S1447,meld_dia595_utt5,meld
S1448,meld_dia256_utt10,meld
S1449,iemocap_Ses04M_impro05_F026,iemocap
S1450,iemocap_Ses02F_impro01_F005,iemocap
S1451,chsims_aqgy5_0016_00040,chsims
S1452,chsims_video_0051_0026,chsims
S1453,chsims_video_0045_0074,chsims
S1454,mustard_2_500,mustard
S1455,chsims_video_0060_0003,chsims
S1456,chsims_aqgy3_0002_00001,chsims
S1457,meld_dia744_utt6,meld
S1458,chsims_video_0054_0041,chsims
S1459,chsims_aqgy5_0017_00023,chsims
S1460,meld_dia796_utt5,meld
S1461,meld_dia4_utt8,meld
S1462,iemocap_Ses03F_script03_1_F027,iemocap
S1463,chsims_video_0011_0011,chsims
S1464,meld_dia37_utt2,meld
S1465,chsims_video_0003_0006,chsims
S1466,iemocap_Ses03F_script01_2_F002,iemocap
S1467,chsims_test14_00013,chsims
S1468,mosi_c5xsKMxpXnc_10,mosi
S1469,meld_dia720_utt9,meld
S1470,iemocap_Ses04M_impro05_F030,iemocap
S1471,meld_dia558_utt0,meld
S1472,mosi_0h-zjBukYpk_24,mosi
S1473,meld_dia610_utt0,meld
S1474,chsims_aqgy5_0009_00036,chsims
S1475,chsims_video_0023_0043,chsims
S1476,meld_dia530_utt5,meld
S1477,meld_dia207_utt5,meld
S1478,meld_dia233_utt0,meld
S1479,mustard_1_4850,mustard
S1480,meld_dia798_utt5,meld
S1481,chsims_video_0056_0023,chsims
S1482,mosi_bvLlb-M3UXU_23,mosi
S1483,meld_dia252_utt7,meld
S1484,chsims_aqgy4_0019_00002,chsims
S1485,meld_dia901_utt2,meld
S1486,iemocap_Ses05M_script02_2_M027,iemocap
S1487,mosi_cXypl4FnoZo_4,mosi
S1488,meld_dia860_utt8,meld
S1489,mustard_1_5496,mustard
S1490,iemocap_Ses05M_script01_3_F003,iemocap
S1491,meld_dia892_utt1,meld
S1492,chsims_video_0060_0005,chsims
S1493,chsims_aqgy3_0005_00007,chsims
S1494,iemocap_Ses04M_script02_1_F004,iemocap
S1495,chsims_video_0010_0004,chsims
S1496,chsims_aqgy4_0007_00013,chsims
S1497,iemocap_Ses03M_impro03_F004,iemocap
S1498,meld_dia671_utt1,meld
S1499,iemocap_Ses04F_script03_2_F001,iemocap
S1500,iemocap_Ses05M_impro01_F007,iemocap
S1501,chsims_aqgy4_0014_00015,chsims
S1502,meld_dia535_utt2,meld
S1503,chsims_aqgy3_0001_00020,chsims
S1504,mosi_cM3Yna7AavY_5,mosi
S1505,iemocap_Ses02F_script01_3_F015,iemocap
S1506,demo-synthetic-01,demo-synthetic-01
S1507,mustard_1_2354,mustard
S1508,iemocap_Ses05F_script01_1_M025,iemocap
S1509,iemocap_Ses03M_script02_1_M002,iemocap
S1510,mustard_1_2792,mustard
S1511,iemocap_Ses03F_script01_1_F007,iemocap
S1512,chsims_video_0026_0002,chsims
S1513,mosi_5W7Z1C_fDaE_15,mosi
S1514,chsims_aqgy5_0014_00002,chsims
S1515,meld_dia383_utt8,meld
S1516,meld_dia151_utt11,meld
S1517,mustard_1_1296,mustard
S1518,iemocap_Ses02M_impro03_F020,iemocap
S1519,chsims_aqgy3_0002_00021,chsims
S1520,iemocap_Ses03F_impro06_F012,iemocap
S1521,meld_dia275_utt9,meld
S1522,mosi_lXPQBPVc5Cw_12,mosi
S1523,meld_dia521_utt3,meld
S1524,mosi_Oz06ZWiO20M_9,mosi
S1525,iemocap_Ses04M_impro06_F003,iemocap
S1526,iemocap_Ses02F_script01_2_M002,iemocap
S1527,mustard_2_246,mustard
S1528,mustard_2_35,mustard
S1529,mustard_1_3573,mustard
S1530,iemocap_Ses05M_script01_3_M008,iemocap
S1531,chsims_video_0036_0012,chsims
S1532,meld_dia664_utt1,meld
S1533,iemocap_Ses03M_impro06_M028,iemocap
S1534,iemocap_Ses05F_impro02_M022,iemocap
S1535,meld_dia772_utt1,meld
S1536,chsims_aqgy5_0028_00019,chsims
S1537,iemocap_Ses01F_script01_3_F003,iemocap
S1538,iemocap_Ses04M_script02_1_F008,iemocap
S1539,meld_dia911_utt4,meld
S1540,mosi_cW1FSBF59ik_10,mosi
S1541,chsims_video_0029_0016,chsims
S1542,iemocap_Ses02M_script01_1_F026,iemocap
S1543,iemocap_Ses01M_impro05_M023,iemocap
S1544,chsims_video_0016_0036,chsims
S1545,mosi_6Egk_28TtTM_5,mosi
S1546,mustard_1_6370,mustard
S1547,chsims_video_0029_0017,chsims
S1548,mosi_Dg_0XKD0Mf4_11,mosi
S1549,chsims_video_0025_0031,chsims
S1550,chsims_video_0040_0015,chsims
S1551,meld_dia822_utt0,meld
S1552,chsims_video_0023_0037,chsims
S1553,meld_dia865_utt3,meld
S1554,mosi_aiEXnCPZubE_19,mosi
S1555,meld_dia17_utt6,meld
S1556,chsims_video_0054_0073,chsims
S1557,iemocap_Ses04M_script02_2_M028,iemocap
S1558,mosi_wMbj6ajWbic_8,mosi
S1559,chsims_aqgy5_0012_00017,chsims
S1560,chsims_video_0025_0029,chsims
S1561,chsims_aqgy5_0003_00002,chsims
S1562,chsims_aqgy3_0003_00017,chsims
S1563,chsims_video_0054_0161,chsims
S1564,iemocap_Ses02F_script01_2_F017,iemocap
S1565,chsims_video_0039_0004,chsims
S1566,meld_dia455_utt3,meld
S1567,meld_dia455_utt5,meld
S1568,chsims_aqgy5_0034_00012,chsims
S1569,iemocap_Ses02F_script01_1_F030,iemocap
S1570,meld_dia555_utt1,meld
S1571,iemocap_Ses04F_impro05_F005,iemocap
S1572,chsims_aqgy4_0012_00042,chsims
S1573,chsims_video_0047_0044,chsims
S1574,meld_dia195_utt19,meld
S1575,iemocap_Ses04M_impro05_M041,iemocap
S1576,iemocap_Ses03M_impro01_F001,iemocap
S1577,chsims_aqgy5_0008_00001,chsims
S1578,mosi_c7UH_rxdZv4_6,mosi
S1579,iemocap_Ses03F_impro03_F000,iemocap
S1580,chsims_video_0058_0008,chsims
S1581,mosi_lXPQBPVc5Cw_21,mosi
S1582,chsims_video_0023_0028,chsims
S1583,chsims_csbgs2_0003_00012,chsims
S1584,meld_dia1029_utt0,meld
S1585,chsims_video_0002_0014,chsims
S1586,iemocap_Ses02F_script01_1_F029,iemocap
S1587,meld_dia703_utt3,meld
S1588,chsims_aqgy5_0016_00041,chsims
S1589,chsims_video_0056_0076,chsims
S1590,mustard_2_345,mustard
S1591,chsims_video_0053_0024,chsims
S1592,iemocap_Ses05F_script01_1_M009,iemocap
S1593,mosi_Bfr499ggo-0_12,mosi
S1594,iemocap_Ses01F_impro05_F019,iemocap
S1595,iemocap_Ses02M_script01_2_M018,iemocap
S1596,meld_dia936_utt12,meld
S1597,chsims_video_0015_0023,chsims
S1598,meld_dia953_utt7,meld
S1599,chsims_aqgy5_0029_00032,chsims
S1600,iemocap_Ses05M_script01_1_M013,iemocap
S1601,meld_dia358_utt15,meld
S1602,mosi_atnd_PF-Lbs_5,mosi
S1603,chsims_aqgy5_0009_00028,chsims
S1604,mosi_d6hH302o4v8_20,mosi
S1605,chsims_aqgy5_0013_00013,chsims
S1606,meld_dia659_utt19,meld
S1607,meld_dia322_utt0,meld
S1608,chsims_aqgy4_0005_00045,chsims
S1609,chsims_video_0018_0008,chsims
S1610,chsims_video_0013_0026,chsims
S1611,mosi_Bfr499ggo-0_6,mosi
S1612,meld_dia887_utt5,meld
S1613,mosi_2WGyTLYerpo_1,mosi
S1614,chsims_video_0054_0063,chsims
S1615,meld_dia960_utt6,meld
S1616,iemocap_Ses02F_script01_3_M008,iemocap
S1617,iemocap_Ses04M_script03_2_M011,iemocap
S1618,iemocap_Ses05M_script01_1b_M035,iemocap
S1619,meld_dia439_utt6,meld
S1620,chsims_aqgy4_0019_00001,chsims
S1621,mosi_cXypl4FnoZo_28,mosi
S1622,mosi_d6hH302o4v8_7,mosi
S1623,meld_dia754_utt1,meld
S1624,mosi_k5Y_838nuGo_27,mosi
S1625,meld_dia168_utt2,meld
S1626,mosi_GWuJjcEuzt8_16,mosi
S1627,mosi_cW1FSBF59ik_15,mosi
S1628,chsims_aqgy5_0016_00044,chsims
S1629,meld_dia342_utt6,meld
S1630,iemocap_Ses05F_script01_3_F005,iemocap
S1631,iemocap_Ses01M_script02_2_F016,iemocap
S1632,mosi_MLal-t_vJPM_14,mosi
S1633,meld_dia138_utt3,meld
S1634,chsims_aqgy3_0003_00007,chsims
S1635,chsims_video_0023_0057,chsims
S1636,meld_dia665_utt10,meld
S1637,iemocap_Ses04F_impro07_F007,iemocap
S1638,chsims_aqgy4_0001_00061,chsims
S1639,mustard_1_11901,mustard
S1640,meld_dia629_utt6,meld
S1641,iemocap_Ses05F_impro02_M034,iemocap
S1642,meld_dia170_utt9,meld
S1643,chsims_aqgy5_0030_00004,chsims
S1644,mosi_c5xsKMxpXnc_2,mosi
S1645,meld_dia584_utt1,meld
S1646,iemocap_Ses02M_script03_1_M014,iemocap
S1647,iemocap_Ses05F_impro08_M001,iemocap
S1648,mosi_0h-zjBukYpk_18,mosi
S1649,meld_dia285_utt0,meld
S1650,chsims_csbgs2_0002_00010,chsims
S1651,mosi_8OtFthrtaJM_23,mosi
S1652,iemocap_Ses02M_script01_2_F012,iemocap
S1653,chsims_video_0030_0021,chsims
S1654,meld_dia939_utt15,meld
S1655,iemocap_Ses05F_impro01_M004,iemocap
S1656,iemocap_Ses05M_script01_3_M037,iemocap
S1657,mustard_1_7445,mustard
S1658,meld_dia681_utt4,meld
S1659,chsims_video_0006_0001,chsims
S1660,mustard_1_12320,mustard
S1661,iemocap_Ses04F_script03_1_F008,iemocap
S1662,chsims_csbgs2_0001_00033,chsims
S1663,meld_dia12_utt2,meld
S1664,mosi_yvsjCA6Y5Fc_1,mosi
S1665,chsims_csbgs2_0001_00010,chsims
S1666,iemocap_Ses02F_script03_1_F018,iemocap
S1667,iemocap_Ses02M_script03_1_M009,iemocap
S1668,meld_dia622_utt2,meld
S1669,mustard_1_6472,mustard
S1670,iemocap_Ses04M_impro03_M014,iemocap
S1671,chsims_video_0054_0129,chsims
S1672,meld_dia404_utt15,meld
S1673,chsims_aqgy5_0012_00005,chsims
S1674,chsims_video_0045_0077,chsims
S1675,meld_dia884_utt14,meld
S1676,meld_dia374_utt8,meld
S1677,iemocap_Ses02M_script01_3_M011,iemocap
S1678,meld_dia528_utt4,meld
S1679,chsims_video_0031_0014,chsims
S1680,chsims_aqgy4_0009_00025,chsims
S1681,iemocap_Ses01M_impro07_M025,iemocap
S1682,mosi_9qR7uwkblbs_26,mosi
S1683,iemocap_Ses03F_script03_2_M010,iemocap
S1684,iemocap_Ses02F_impro05_F013,iemocap
S1685,iemocap_Ses01M_impro07_M019,iemocap
S1686,mustard_1_7281,mustard
S1687,meld_dia820_utt3,meld
S1688,iemocap_Ses03M_script01_3_F004,iemocap
S1689,meld_dia404_utt9,meld
S1690,mustard_1_10810,mustard
S1691,mustard_1_3256,mustard
S1692,meld_dia463_utt12,meld
S1693,chsims_aqgy4_0004_00016,chsims
S1694,mosi_d6hH302o4v8_19,mosi
S1695,mosi_atnd_PF-Lbs_4,mosi
S1696,chsims_video_0040_0034,chsims
S1697,iemocap_Ses04M_impro05_F029,iemocap
S1698,mosi_VbQk4H8hgr0_27,mosi
S1699,meld_dia846_utt1,meld
S1700,iemocap_Ses03M_script01_3_M032,iemocap
S1701,iemocap_Ses02M_script01_3_F026,iemocap
S1702,mustard_1_213,mustard
S1703,chsims_aqgy4_0008_00026,chsims
S1704,chsims_video_0013_0025,chsims
S1705,iemocap_Ses03F_script01_2_F016,iemocap
S1706,iemocap_Ses03F_script03_1_F002,iemocap
S1707,iemocap_Ses05F_impro02_F015,iemocap
S1708,mosi_Qr1Ca94K55A_2,mosi
S1709,iemocap_Ses04M_impro05_F035,iemocap
S1710,meld_dia513_utt1,meld
S1711,chsims_aqgy4_0002_00008,chsims
S1712,chsims_video_0038_0016,chsims
S1713,chsims_video_0025_0025,chsims
S1714,chsims_aqgy5_0025_00025,chsims
S1715,chsims_video_0030_0030,chsims
S1716,iemocap_Ses03F_script02_1_F003,iemocap
S1717,meld_dia234_utt2,meld
S1718,iemocap_Ses05F_script01_2_F009,iemocap
S1719,meld_dia537_utt3,meld
S1720,chsims_test5_00001,chsims
S1721,chsims_video_0053_0012,chsims
S1722,iemocap_Ses05M_script03_1_M023,iemocap
S1723,iemocap_Ses02M_impro05_F018,iemocap
S1724,meld_dia660_utt5,meld
S1725,iemocap_Ses05F_script01_1_M036,iemocap
S1726,iemocap_Ses02F_script02_2_M032,iemocap
S1727,chsims_aqgy3_0001_00004,chsims
S1728,mosi_G-xst2euQUc_18,mosi
S1729,mosi_BioHAh1qJAQ_27,mosi
S1730,meld_dia623_utt3,meld
S1731,chsims_aqgy4_0018_00001,chsims
S1732,meld_dia968_utt5,meld
S1733,chsims_video_0043_0037,chsims
S1734,meld_dia226_utt19,meld
S1735,iemocap_Ses05F_script03_2_F021,iemocap
S1736,meld_dia54_utt13,meld
S1737,meld_dia365_utt5,meld
S1738,meld_dia806_utt4,meld
S1739,chsims_video_0012_0031,chsims
S1740,meld_dia791_utt12,meld
S1741,meld_dia445_utt8,meld
S1742,mosi_Clx4VXItLTE_18,mosi
S1743,meld_dia628_utt11,meld
S1744,iemocap_Ses01F_script02_2_F003,iemocap
S1745,mustard_2_163,mustard
S1746,meld_dia815_utt2,meld
S1747,chsims_video_0015_0036,chsims
S1748,chsims_video_0040_0022,chsims
S1749,mosi_ZAIRrfG22O0_2,mosi
S1750,mosi_c5xsKMxpXnc_5,mosi
S1751,chsims_video_0009_0028,chsims
S1752,mosi_zhpQhgha_KU_11,mosi
S1753,iemocap_Ses04F_impro04_F032,iemocap
S1754,iemocap_Ses01F_script02_2_F012,iemocap
S1755,iemocap_Ses05M_impro06_M008,iemocap
S1756,mosi_cW1FSBF59ik_14,mosi
S1757,iemocap_Ses05M_impro01_M013,iemocap
S1758,iemocap_Ses04F_script01_3_M014,iemocap
S1759,iemocap_Ses05M_impro04_M008,iemocap
S1760,meld_dia468_utt7,meld
S1761,iemocap_Ses02F_script02_1_M006,iemocap
S1762,mosi_HEsqda8_d0Q_13,mosi
S1763,meld_dia198_utt2,meld
S1764,iemocap_Ses05F_script03_1_F031,iemocap
S1765,meld_dia791_utt7,meld
S1766,chsims_video_0024_0113,chsims
S1767,chsims_csbgs2_0003_00007,chsims
S1768,mosi_QN9ZIUWUXsY_13,mosi
S1769,iemocap_Ses01F_impro03_M021,iemocap
S1770,mosi_HEsqda8_d0Q_34,mosi
S1771,mustard_1_6032,mustard
S1772,mosi_rnaNMUZpvvg_4,mosi
S1773,mustard_2_434,mustard
S1774,chsims_video_0009_0018,chsims
S1775,mosi_ZUXBRvtny7o_28,mosi
S1776,iemocap_Ses05M_impro03_F016,iemocap
S1777,chsims_aqgy5_0013_00015,chsims
S1778,iemocap_Ses01F_script01_1_M015,iemocap
S1779,chsims_video_0032_0010,chsims
S1780,mosi_W8NXH0Djyww_11,mosi
S1781,chsims_video_0037_0020,chsims
S1782,chsims_aqgy5_0020_00024,chsims
S1783,mustard_2_416,mustard
S1784,meld_dia187_utt3,meld
S1785,meld_dia972_utt7,meld
S1786,meld_dia152_utt10,meld
S1787,chsims_video_0003_0002,chsims
S1788,meld_dia845_utt3,meld
S1789,chsims_video_0047_0089,chsims
S1790,chsims_video_0012_0013,chsims
S1791,chsims_video_0025_0018,chsims
S1792,chsims_video_0060_0009,chsims
S1793,chsims_aqgy4_0012_00019,chsims
S1794,chsims_video_0023_0018,chsims
S1795,chsims_aqgy4_0015_00002,chsims
S1796,meld_dia983_utt2,meld
S1797,iemocap_Ses02M_script02_2_F003,iemocap
S1798,meld_dia463_utt1,meld
S1799,mosi_d6hH302o4v8_35,mosi
S1800,chsims_video_0031_0031,chsims
S1801,chsims_aqgy5_0009_00015,chsims
S1802,chsims_aqgy5_0028_00000,chsims
S1803,chsims_aqgy5_0006_00001,chsims
S1804,iemocap_Ses01M_script01_1_M010,iemocap
S1805,chsims_test15_00004,chsims
S1806,mustard_1_1666,mustard
S1807,meld_dia346_utt1,meld
S1808,iemocap_Ses02F_script02_2_F029,iemocap
S1809,mosi_BioHAh1qJAQ_15,mosi
S1810,iemocap_Ses05M_script01_3_M011,iemocap
S1811,mosi_BvYR0L6f2Ig_17,mosi
S1812,chsims_aqgy5_0024_00010,chsims
S1813,mosi_f9O3YtZ2VfI_29,mosi
S1814,mosi_9T9Hf74oK10_1,mosi
S1815,chsims_video_0055_0004,chsims
S1816,chsims_video_0044_0009,chsims
S1817,meld_dia328_utt4,meld
S1818,meld_dia76_utt5,meld
S1819,meld_dia913_utt2,meld
S1820,mosi_lXPQBPVc5Cw_13,mosi
S1821,mustard_1_8042,mustard
S1822,mosi_Iu2PFX3z_1s_2,mosi
S1823,meld_dia538_utt3,meld
S1824,chsims_aqgy5_0024_00012,chsims
S1825,chsims_aqgy4_0009_00006,chsims
S1826,meld_dia58_utt6,meld
S1827,chsims_video_0030_0014,chsims
S1828,chsims_video_0035_0030,chsims
S1829,chsims_aqgy3_0003_00000,chsims
S1830,chsims_video_0056_0070,chsims
S1831,mosi_VbQk4H8hgr0_24,mosi
S1832,chsims_aqgy5_0007_00031,chsims
S1833,iemocap_Ses05F_script01_3_M036,iemocap
S1834,chsims_aqgy5_0022_00022,chsims
S1835,mustard_2_431,mustard
S1836,chsims_video_0020_0012,chsims
S1837,chsims_video_0024_0071,chsims
S1838,meld_dia3_utt0,meld
S1839,chsims_aqgy5_0036_00005,chsims
S1840,iemocap_Ses05M_script01_1b_M018,iemocap
S1841,iemocap_Ses05F_impro02_F026,iemocap
S1842,iemocap_Ses02M_script03_1_F026,iemocap
S1843,meld_dia1032_utt8,meld
S1844,iemocap_Ses04F_impro01_F018,iemocap
S1845,iemocap_Ses04M_impro03_M019,iemocap
S1846,iemocap_Ses01M_impro07_M021,iemocap
S1847,mosi_bvLlb-M3UXU_14,mosi
S1848,meld_dia252_utt13,meld
S1849,mosi_d6hH302o4v8_9,mosi
S1850,meld_dia8_utt2,meld
S1851,iemocap_Ses04F_script03_2_F020,iemocap
S1852,chsims_video_0024_0057,chsims
S1853,mosi_HEsqda8_d0Q_12,mosi
S1854,chsims_aqgy5_0016_00037,chsims
S1855,meld_dia332_utt7,meld
S1856,meld_dia331_utt3,meld
S1857,chsims_video_0025_0007,chsims
S1858,meld_dia62_utt9,meld
S1859,meld_dia274_utt0,meld
S1860,iemocap_Ses01M_impro05_M029,iemocap
S1861,mustard_1_2580,mustard
S1862,chsims_video_0002_0029,chsims
S1863,meld_dia593_utt8,meld
S1864,meld_dia836_utt2,meld
S1865,mosi_1iG0909rllw_17,mosi
S1866,iemocap_Ses05F_script01_2_M005,iemocap
S1867,meld_dia808_utt4,meld
S1868,mosi_I5y0__X72p0_21,mosi
S1869,mosi_cW1FSBF59ik_12,mosi
S1870,mosi_nzpVDcQ0ywM_4,mosi
S1871,mosi_9qR7uwkblbs_31,mosi
S1872,chsims_aqgy5_0033_00006,chsims
S1873,meld_dia839_utt12,meld
S1874,iemocap_Ses04M_impro02_F014,iemocap
S1875,iemocap_Ses02F_script02_2_F032,iemocap
S1876,mosi__dI--eQ6qVU_13,mosi
S1877,chsims_csbgs2_0001_00012,chsims
S1878,meld_dia698_utt5,meld
S1879,meld_dia307_utt8,meld
S1880,mustard_1_5964,mustard
S1881,mosi_phBUpBr1hSo_9,mosi
S1882,iemocap_Ses05M_script03_2_F040,iemocap
S1883,iemocap_Ses03M_script02_1_M037,iemocap
S1884,iemocap_Ses05M_impro04_F034,iemocap
S1885,iemocap_Ses01M_script02_1_M038,iemocap
S1886,chsims_video_0060_0002,chsims
S1887,iemocap_Ses03M_script02_2_F019,iemocap
S1888,iemocap_Ses05M_script03_1_M028,iemocap
S1889,iemocap_Ses02F_script01_1_F017,iemocap
S1890,chsims_aqgy4_0010_00007,chsims
S1891,chsims_video_0016_0007,chsims
S1892,meld_dia615_utt11,meld
S1893,mustard_1_6165,mustard
S1894,iemocap_Ses03F_impro08_F005,iemocap
S1895,mustard_2_172,mustard
S1896,chsims_video_0060_0012,chsims
S1897,iemocap_Ses03M_script01_1_F037,iemocap
S1898,chsims_video_0027_0006,chsims
S1899,mosi_IumbAb8q2dM_19,mosi
S1900,meld_dia950_utt6,meld
S1901,iemocap_Ses02M_script03_2_M003,iemocap
S1902,chsims_aqgy5_0015_00024,chsims
S1903,mosi_rnaNMUZpvvg_19,mosi
S1904,meld_dia241_utt8,meld
S1905,chsims_aqgy4_0001_00024,chsims
S1906,meld_dia906_utt4,meld
S1907,meld_dia309_utt2,meld
S1908,iemocap_Ses04M_script03_1_M025,iemocap
S1909,iemocap_Ses05M_script02_1_M032,iemocap
S1910,mustard_2_121,mustard
S1911,meld_dia292_utt5,meld
S1912,chsims_video_0015_0009,chsims
S1913,iemocap_Ses05M_impro01_M014,iemocap
S1914,mosi_bOL9jKpeJRs_1,mosi
S1915,meld_dia226_utt13,meld
S1916,chsims_video_0013_0034,chsims
S1917,meld_dia109_utt14,meld
S1918,iemocap_Ses03M_impro01_M001,iemocap
S1919,mosi_POKffnXeBds_10,mosi
S1920,mosi_rnaNMUZpvvg_16,mosi
S1921,chsims_video_0029_0005,chsims
S1922,chsims_aqgy3_0002_00007,chsims
S1923,chsims_aqgy4_0022_00009,chsims
S1924,chsims_video_0025_0006,chsims
S1925,chsims_video_0035_0014,chsims
S1926,iemocap_Ses01M_script02_1_F003,iemocap
S1927,mustard_1_2216,mustard
S1928,mosi_iiK8YX8oH1E_15,mosi
S1929,iemocap_Ses01F_impro01_M013,iemocap
S1930,meld_dia373_utt1,meld
S1931,iemocap_Ses02M_script01_3_M009,iemocap
S1932,meld_dia304_utt8,meld
S1933,meld_dia689_utt9,meld
S1934,iemocap_Ses01F_script01_1_M009,iemocap
S1935,chsims_video_0024_0089,chsims
S1936,mustard_2_532,mustard
S1937,iemocap_Ses03M_impro01_M028,iemocap
S1938,mustard_2_222,mustard
S1939,iemocap_Ses03F_impro02_F041,iemocap
S1940,mustard_2_313,mustard
S1941,meld_dia456_utt2,meld
S1942,chsims_video_0041_0018,chsims
S1943,mosi_c5xsKMxpXnc_13,mosi
S1944,mustard_2_190,mustard
S1945,meld_dia584_utt0,meld
S1946,chsims_aqgy5_0031_00030,chsims
S1947,chsims_aqgy4_0014_00005,chsims
S1948,mosi_cM3Yna7AavY_15,mosi
S1949,chsims_aqgy3_0005_00006,chsims
S1950,mosi_Njd1F0vZSm4_12,mosi
S1951,chsims_test15_00016,chsims
S1952,mustard_1_11306,mustard
S1953,iemocap_Ses01M_impro04_M008,iemocap
S1954,meld_dia235_utt0,meld
S1955,mustard_2_589,mustard
S1956,iemocap_Ses05M_script03_1_M021,iemocap
S1957,iemocap_Ses01F_impro05_M023,iemocap
S1958,meld_dia322_utt1,meld
S1959,chsims_video_0034_0017,chsims
S1960,mosi_OtBXNcAL_lE_2,mosi
S1961,meld_dia792_utt10,meld
S1962,iemocap_Ses03F_impro08_F018,iemocap
S1963,mosi_G-xst2euQUc_3,mosi
S1964,mosi_03bSnISJMiM_11,mosi
S1965,mosi_yvsjCA6Y5Fc_11,mosi
S1966,iemocap_Ses05M_script03_1_M029,iemocap
S1967,iemocap_Ses04F_impro03_M002,iemocap
S1968,iemocap_Ses04F_script03_1_F018,iemocap
S1969,chsims_video_0041_0007,chsims
S1970,mustard_2_294,mustard
S1971,mustard_1_7402,mustard
S1972,meld_dia760_utt4,meld
S1973,chsims_aqgy5_0011_00024,chsims
S1974,iemocap_Ses03F_script03_2_M021,iemocap
S1975,chsims_test7_00004,chsims
S1976,mosi_Oz06ZWiO20M_2,mosi
S1977,meld_dia646_utt19,meld
S1978,meld_dia235_utt5,meld
S1979,mosi_6Egk_28TtTM_11,mosi
S1980,mosi_8OtFthrtaJM_11,mosi
S1981,chsims_aqgy3_0001_00003,chsims
S1982,iemocap_Ses03F_script02_1_F007,iemocap
S1983,meld_dia918_utt11,meld
S1984,meld_dia673_utt19,meld
S1985,iemocap_Ses04F_impro01_F008,iemocap
S1986,meld_dia967_utt1,meld
S1987,iemocap_Ses05F_script01_3_M035,iemocap
S1988,mosi_9qR7uwkblbs_27,mosi
S1989,iemocap_Ses04M_script01_3_F013,iemocap
S1990,chsims_aqgy5_0010_00025,chsims
S1991,iemocap_Ses03M_impro08a_F021,iemocap
S1992,mustard_2_477,mustard
S1993,chsims_video_0031_0002,chsims
S1994,mosi_lXPQBPVc5Cw_25,mosi
S1995,meld_dia486_utt11,meld
S1996,chsims_video_xjzw_00043,chsims
S1997,chsims_aqgy3_0001_00016,chsims
S1998,mustard_2_169,mustard
S1999,iemocap_Ses04F_impro01_F006,iemocap
S2000,meld_dia457_utt1,meld
S2001,chsims_aqgy5_0034_00000,chsims
S2002,mustard_2_406,mustard
S2003,chsims_video_0010_0001,chsims
S2004,chsims_video_0051_0055,chsims
S2005,mosi_BI97DNYfe5I_8,mosi
S2006,iemocap_Ses05F_impro05_M018,iemocap
S2007,mosi_f_pcplsH_V0_9,mosi
S2008,mosi_tIrG4oNLFzE_7,mosi
S2009,iemocap_Ses04M_script02_2_F027,iemocap
S2010,mosi_cW1FSBF59ik_16,mosi
S2011,iemocap_Ses01M_script01_1_F030,iemocap
S2012,iemocap_Ses03M_impro04_M025,iemocap
S2013,iemocap_Ses05M_script01_1b_F009,iemocap
S2014,mosi_OtBXNcAL_lE_5,mosi
S2015,mustard_2_617,mustard
S2016,mosi_d6hH302o4v8_26,mosi
S2017,meld_dia573_utt10,meld
S2018,meld_dia480_utt4,meld
S2019,iemocap_Ses01F_script03_1_M015,iemocap
S2020,iemocap_Ses04F_script01_3_M017,iemocap
S2021,meld_dia300_utt12,meld
S2022,chsims_aqgy4_0001_00056,chsims
S2023,mustard_1_7341,mustard
S2024,iemocap_Ses04M_script03_2_F013,iemocap
S2025,meld_dia182_utt4,meld
S2026,chsims_aqgy4_0006_00006,chsims
S2027,meld_dia336_utt10,meld
S2028,iemocap_Ses02F_impro04_M014,iemocap
S2029,meld_dia464_utt18,meld
S2030,chsims_video_0024_0014,chsims
S2031,meld_dia804_utt2,meld
S2032,iemocap_Ses04F_script01_1_F030,iemocap
S2033,mustard_2_392,mustard
S2034,chsims_video_0045_0078,chsims
S2035,mosi_c7UH_rxdZv4_20,mosi
S2036,meld_dia1022_utt11,meld
S2037,mosi_G6GlGvlkxAQ_27,mosi
S2038,meld_dia58_utt7,meld
S2039,meld_dia676_utt2,meld
S2040,meld_dia155_utt8,meld
S2041,chsims_aqgy4_0020_00010,chsims
S2042,meld_dia794_utt10,meld
S2043,meld_dia465_utt3,meld
S2044,iemocap_Ses05M_script01_1_M025,iemocap
S2045,meld_dia100_utt4,meld
S2046,meld_dia374_utt3,meld
S2047,mustard_2_286,mustard
S2048,iemocap_Ses02M_script03_1_M011,iemocap
S2049,meld_dia240_utt6,meld
S2050,meld_dia920_utt0,meld
S2051,meld_dia936_utt11,meld
S2052,meld_dia513_utt3,meld
S2053,chsims_aqgy4_0012_00028,chsims
S2054,meld_dia17_utt4,meld
S2055,mosi_lXPQBPVc5Cw_10,mosi
S2056,meld_dia25_utt12,meld
S2057,chsims_video_0040_0023,chsims
S2058,iemocap_Ses02M_impro05_M027,iemocap
S2059,iemocap_Ses05F_impro02_M005,iemocap
S2060,chsims_video_0041_0028,chsims
S2061,meld_dia599_utt14,meld
S2062,meld_dia122_utt1,meld
S2063,meld_dia932_utt7,meld
S2064,iemocap_Ses03F_impro02_M025,iemocap
S2065,meld_dia345_utt4,meld
S2066,meld_dia287_utt2,meld
S2067,meld_dia916_utt12,meld
S2068,meld_dia154_utt7,meld
S2069,iemocap_Ses02F_script01_1_F043,iemocap
S2070,mosi_X3j2zQgwYgE_2,mosi
S2071,meld_dia817_utt5,meld
S2072,chsims_aqgy4_0003_00006,chsims
S2073,chsims_aqgy5_0031_00045,chsims
S2074,iemocap_Ses03M_script01_1_M014,iemocap
S2075,iemocap_Ses03F_script02_2_F015,iemocap
S2076,meld_dia887_utt6,meld
S2077,iemocap_Ses02F_impro04_F006,iemocap
S2078,meld_dia12_utt9,meld
S2079,mosi_2WGyTLYerpo_56,mosi
S2080,meld_dia604_utt13,meld
S2081,mosi_d6hH302o4v8_8,mosi
S2082,meld_dia172_utt6,meld
S2083,mosi_9qR7uwkblbs_30,mosi
S2084,chsims_video_0040_0031,chsims
S2085,meld_dia541_utt7,meld
S2086,meld_dia637_utt5,meld
S2087,mosi_f9O3YtZ2VfI_6,mosi
S2088,chsims_video_0015_0032,chsims
S2089,iemocap_Ses05F_impro03_F030,iemocap
S2090,chsims_video_0001_0013,chsims
S2091,mosi_atnd_PF-Lbs_16,mosi
S2092,iemocap_Ses02F_script02_2_F011,iemocap
S2093,iemocap_Ses02F_script01_1_F024,iemocap
S2094,meld_dia395_utt0,meld
S2095,meld_dia950_utt4,meld
S2096,chsims_aqgy4_0008_00043,chsims
S2097,chsims_video_xjzw_00037,chsims
S2098,iemocap_Ses03M_impro08a_F003,iemocap
S2099,chsims_video_xjzw_00059,chsims
S2100,meld_dia834_utt0,meld
S2101,chsims_video_0010_0034,chsims
S2102,chsims_video_0031_0016,chsims
S2103,mosi_rnaNMUZpvvg_11,mosi
S2104,iemocap_Ses03M_script02_2_F043,iemocap
S2105,meld_dia148_utt7,meld
S2106,meld_dia211_utt3,meld
S2107,iemocap_Ses03F_impro02_F016,iemocap
S2108,iemocap_Ses02F_script01_3_M031,iemocap
S2109,chsims_aqgy4_0011_00024,chsims
S2110,mustard_2_450,mustard
S2111,meld_dia146_utt2,meld
S2112,mosi_yvsjCA6Y5Fc_22,mosi
S2113,chsims_aqgy3_0002_00003,chsims
S2114,iemocap_Ses04F_script01_2_F021,iemocap
S2115,chsims_aqgy5_0007_00009,chsims
S2116,chsims_aqgy4_0001_00038,chsims
S2117,mosi_c7UH_rxdZv4_26,mosi
S2118,iemocap_Ses03M_impro04_F011,iemocap
S2119,mustard_1_175,mustard
S2120,meld_dia81_utt3,meld
S2121,iemocap_Ses04F_script03_2_F010,iemocap
S2122,chsims_aqgy5_0007_00027,chsims
S2123,meld_dia445_utt0,meld
S2124,iemocap_Ses04M_impro08_F012,iemocap
S2125,chsims_aqgy5_0011_00025,chsims
S2126,mustard_1_8185,mustard
S2127,chsims_video_0060_0024,chsims
S2128,mosi_tStelxIAHjw_5,mosi
S2129,meld_dia602_utt4,meld
S2130,meld_dia811_utt6,meld
S2131,meld_dia94_utt3,meld
S2132,mustard_1_4576,mustard
S2133,iemocap_Ses04M_impro02_M011,iemocap
S2134,meld_dia988_utt4,meld
S2135,chsims_video_0027_0047,chsims
S2136,chsims_aqgy5_0009_00026,chsims
S2137,meld_dia1016_utt14,meld
S2138,chsims_aqgy5_0017_00041,chsims
S2139,meld_dia888_utt14,meld
S2140,mustard_1_6134,mustard
S2141,meld_dia207_utt2,meld
S2142,mosi_aiEXnCPZubE_16,mosi
S2143,meld_dia94_utt7,meld
S2144,meld_dia6_utt10,meld
S2145,chsims_aqgy4_0001_00040,chsims
S2146,iemocap_Ses03M_script02_2_F039,iemocap
S2147,iemocap_Ses04M_script02_2_F006,iemocap
S2148,chsims_video_0059_0015,chsims
S2149,iemocap_Ses02M_script02_2_M018,iemocap
S2150,chsims_aqgy5_0027_00034,chsims
S2151,chsims_aqgy3_0002_00005,chsims
S2152,iemocap_Ses05M_impro04_M002,iemocap
S2153,chsims_video_0053_0028,chsims
S2154,iemocap_Ses01M_impro04_M002,iemocap
S2155,chsims_video_0055_0033,chsims
S2156,meld_dia145_utt13,meld
S2157,mosi_8qrpnFRGt2A_5,mosi
S2158,chsims_aqgy5_0007_00026,chsims
S2159,chsims_aqgy4_0001_00013,chsims
S2160,mustard_2_461,mustard
S2161,chsims_video_0027_0011,chsims
S2162,iemocap_Ses05M_script03_2_M028,iemocap
S2163,meld_dia998_utt0,meld
S2164,mosi_atnd_PF-Lbs_17,mosi
S2165,meld_dia651_utt10,meld
S2166,chsims_aqgy4_0020_00000,chsims
S2167,mustard_2_377,mustard
S2168,chsims_aqgy5_0031_00001,chsims
S2169,meld_dia918_utt8,meld
S2170,meld_dia444_utt0,meld
S2171,iemocap_Ses05F_impro06_F009,iemocap
S2172,iemocap_Ses05F_script01_2_M000,iemocap
S2173,meld_dia768_utt0,meld
S2174,meld_dia327_utt6,meld
S2175,chsims_video_0005_0013,chsims
S2176,mosi_8qrpnFRGt2A_7,mosi
S2177,chsims_video_0024_0085,chsims
S2178,meld_dia851_utt5,meld
S2179,chsims_video_0048_0002,chsims
S2180,meld_dia236_utt7,meld
S2181,mosi_nzpVDcQ0ywM_2,mosi
S2182,chsims_aqgy5_0016_00015,chsims
S2183,chsims_aqgy4_0012_00050,chsims
S2184,meld_dia558_utt2,meld
S2185,meld_dia896_utt1,meld
S2186,mosi_nzpVDcQ0ywM_6,mosi
S2187,chsims_aqgy4_0012_00032,chsims
S2188,chsims_video_0054_0029,chsims
S2189,mustard_2_456,mustard
S2190,meld_dia84_utt1,meld
S2191,iemocap_Ses04F_impro01_F009,iemocap
S2192,meld_dia445_utt20,meld
S2193,meld_dia916_utt10,meld
S2194,iemocap_Ses01M_impro07_F005,iemocap
S2195,chsims_aqgy4_0012_00060,chsims
S2196,chsims_video_0009_0002,chsims
S2197,meld_dia888_utt4,meld
S2198,iemocap_Ses05M_script01_1_M033,iemocap
S2199,mosi_X3j2zQgwYgE_3,mosi
S2200,meld_dia455_utt17,meld
S2201,chsims_video_0015_0024,chsims
S2202,chsims_test8_00001,chsims
S2203,mosi_QN9ZIUWUXsY_8,mosi
S2204,meld_dia431_utt5,meld
S2205,meld_dia357_utt1,meld
S2206,mustard_1_11928,mustard
S2207,chsims_video_0057_0020,chsims
S2208,iemocap_Ses03F_script02_2_F024,iemocap
S2209,meld_dia614_utt5,meld
S2210,mustard_2_322,mustard
S2211,mosi_2iD-tVS8NPw_6,mosi
S2212,chsims_video_0045_0012,chsims
S2213,chsims_video_0022_0002,chsims
S2214,meld_dia983_utt5,meld
S2215,chsims_aqgy5_0016_00038,chsims
S2216,iemocap_Ses01M_script03_1_M016,iemocap
S2217,meld_dia261_utt1,meld
S2218,meld_dia661_utt7,meld
S2219,meld_dia908_utt14,meld
S2220,mustard_2_541,mustard
S2221,iemocap_Ses01F_impro07_F003,iemocap
S2222,chsims_aqgy4_0001_00021,chsims
S2223,mustard_1_5134,mustard
S2224,chsims_video_0001_0027,chsims
S2225,meld_dia26_utt11,meld
S2226,iemocap_Ses05M_script02_2_F015,iemocap
S2227,iemocap_Ses05M_impro08_F024,iemocap
S2228,meld_dia848_utt5,meld
S2229,meld_dia522_utt2,meld
S2230,meld_dia170_utt3,meld
S2231,meld_dia127_utt3,meld
S2232,meld_dia548_utt3,meld
S2233,meld_dia126_utt4,meld
S2234,iemocap_Ses05F_script03_2_M025,iemocap
S2235,mustard_1_4031,mustard
S2236,meld_dia82_utt1,meld
S2237,chsims_aqgy5_0029_00002,chsims
S2238,mustard_1_8417,mustard
S2239,chsims_aqgy4_0016_00020,chsims
S2240,iemocap_Ses01F_impro05_M012,iemocap
S2241,mosi_2WGyTLYerpo_19,mosi
S2242,mustard_1_3476,mustard
S2243,mosi_POKffnXeBds_2,mosi
S2244,mosi_yDtzw_Y-7RU_7,mosi
S2245,chsims_video_0012_0015,chsims
S2246,meld_dia634_utt2,meld
S2247,chsims_video_0023_0064,chsims
S2248,iemocap_Ses04M_impro08_F018,iemocap
S2249,iemocap_Ses02F_script02_1_F003,iemocap
S2250,chsims_aqgy4_0005_00028,chsims
S2251,iemocap_Ses02M_script01_1_M019,iemocap
S2252,mosi_BvYR0L6f2Ig_14,mosi
S2253,iemocap_Ses03M_impro02_F023,iemocap
S2254,iemocap_Ses01M_script03_2_F038,iemocap
S2255,meld_dia941_utt2,meld
S2256,mosi_BI97DNYfe5I_27,mosi
S2257,meld_dia76_utt7,meld
S2258,chsims_aqgy4_0010_00030,chsims
S2259,meld_dia184_utt19,meld
S2260,iemocap_Ses05M_impro03_M019,iemocap
S2261,iemocap_Ses05F_script01_3_M010,iemocap
S2262,meld_dia342_utt19,meld
S2263,iemocap_Ses05M_script02_2_M009,iemocap
S2264,meld_dia6_utt11,meld
S2265,meld_dia102_utt0,meld
S2266,iemocap_Ses05M_impro02_M013,iemocap
S2267,chsims_video_0048_0028,chsims
S2268,iemocap_Ses03M_impro02_F028,iemocap
S2269,mosi_wMbj6ajWbic_2,mosi
S2270,iemocap_Ses05M_script01_1_M023,iemocap
S2271,chsims_aqgy5_0006_00007,chsims
S2272,chsims_aqgy5_0001_00002,chsims
S2273,chsims_video_0051_0030,chsims
S2274,chsims_aqgy3_0003_00010,chsims
S2275,meld_dia182_utt2,meld
S2276,mosi_G6GlGvlkxAQ_17,mosi
S2277,meld_dia151_utt2,meld
S2278,meld_dia261_utt2,meld
S2279,mustard_1_10859,mustard
S2280,iemocap_Ses02F_script02_1_M029,iemocap
S2281,chsims_video_0033_0011,chsims
S2282,iemocap_Ses05F_script01_2_F014,iemocap
S2283,meld_dia770_utt8,meld
S2284,iemocap_Ses04F_script02_1_M029,iemocap
S2285,chsims_video_0040_0027,chsims
S2286,iemocap_Ses04F_script02_2_F046,iemocap
S2287,meld_dia185_utt7,meld
S2288,mosi_d6hH302o4v8_27,mosi
S2289,iemocap_Ses05F_impro03_M046,iemocap
S2290,meld_dia594_utt8,meld
S2291,meld_dia979_utt4,meld
S2292,mosi_LSi-o-IrDMs_21,mosi
S2293,iemocap_Ses04M_script01_1_F005,iemocap
S2294,meld_dia604_utt4,meld
S2295,meld_dia859_utt0,meld
S2296,meld_dia319_utt16,meld
S2297,iemocap_Ses05M_script01_1b_M007,iemocap
S2298,chsims_aqgy4_0008_00013,chsims
S2299,mosi_c5xsKMxpXnc_6,mosi
S2300,chsims_aqgy5_0008_00021,chsims
S2301,meld_dia905_utt16,meld
S2302,mustard_1_5679,mustard
S2303,meld_dia809_utt5,meld
S2304,meld_dia241_utt13,meld
S2305,meld_dia63_utt4,meld
S2306,mosi_IumbAb8q2dM_20,mosi
S2307,chsims_video_0029_0026,chsims
S2308,iemocap_Ses03M_script02_1_M020,iemocap
S2309,iemocap_Ses03M_script01_3_F008,iemocap
S2310,meld_dia596_utt15,meld
S2311,mosi_0h-zjBukYpk_19,mosi
S2312,iemocap_Ses02M_impro01_M019,iemocap
S2313,mosi_7JsX8y1ysxY_2,mosi
S2314,meld_dia41_utt4,meld
S2315,mustard_2_421,mustard
S2316,iemocap_Ses05F_script01_1_F011,iemocap
S2317,meld_dia329_utt4,meld
S2318,mosi_atnd_PF-Lbs_20,mosi
S2319,iemocap_Ses01M_script01_3_M001,iemocap
S2320,meld_dia853_utt3,meld
S2321,iemocap_Ses05F_script02_2_F031,iemocap
S2322,iemocap_Ses04F_impro02_F016,iemocap
S2323,chsims_video_0032_0009,chsims
S2324,chsims_video_0024_0086,chsims
S2325,chsims_aqgy5_0028_00002,chsims
S2326,iemocap_Ses01M_impro02_F007,iemocap
S2327,mosi_W8NXH0Djyww_16,mosi
S2328,meld_dia931_utt1,meld
S2329,meld_dia365_utt9,meld
S2330,chsims_aqgy5_0019_00015,chsims
S2331,chsims_aqgy5_0020_00017,chsims
S2332,meld_dia17_utt0,meld
S2333,chsims_csbgs2_0001_00020,chsims
S2334,mosi_Oz06ZWiO20M_5,mosi
S2335,mustard_1_9087,mustard
S2336,mosi_tIrG4oNLFzE_13,mosi
S2337,chsims_aqgy5_0001_00013,chsims
S2338,meld_dia855_utt5,meld
S2339,mosi_bvLlb-M3UXU_22,mosi
S2340,mosi_POKffnXeBds_1,mosi
S2341,chsims_aqgy5_0002_00000,chsims
S2342,iemocap_Ses05M_script01_1b_M001,iemocap
S2343,mosi_dq3Nf_lMPnE_13,mosi
S2344,meld_dia77_utt3,meld
S2345,chsims_aqgy5_0022_00013,chsims
S2346,meld_dia1036_utt4,meld
S2347,meld_dia99_utt8,meld
S2348,chsims_video_0047_0032,chsims
S2349,mosi_IumbAb8q2dM_21,mosi
S2350,meld_dia111_utt13,meld
S2351,meld_dia720_utt4,meld
S2352,meld_dia405_utt0,meld
S2353,mosi_OtBXNcAL_lE_12,mosi
S2354,mustard_1_10853,mustard
S2355,chsims_video_0054_0030,chsims
S2356,mosi_dq3Nf_lMPnE_7,mosi
S2357,mosi_9qR7uwkblbs_15,mosi
S2358,iemocap_Ses02M_impro08_F007,iemocap
S2359,iemocap_Ses01M_impro07_M001,iemocap
S2360,mosi_Iu2PFX3z_1s_4,mosi
S2361,iemocap_Ses02M_script02_1_M014,iemocap
S2362,mosi_c5xsKMxpXnc_9,mosi
S2363,iemocap_Ses02F_impro01_M020,iemocap
S2364,chsims_aqgy5_0012_00023,chsims
S2365,meld_dia430_utt2,meld
S2366,iemocap_Ses05F_script03_2_M013,iemocap
S2367,meld_dia451_utt3,meld
S2368,mustard_1_7641,mustard
S2369,mustard_1_9245,mustard
S2370,iemocap_Ses03F_impro02_F018,iemocap
S2371,iemocap_Ses01M_script03_2_M031,iemocap
S2372,iemocap_Ses04M_script01_1_M034,iemocap
S2373,chsims_aqgy5_0026_00003,chsims
S2374,mosi_k5Y_838nuGo_5,mosi
S2375,iemocap_Ses05M_script03_2_F022,iemocap
S2376,iemocap_Ses04F_script03_2_F029,iemocap
S2377,mosi_Iu2PFX3z_1s_9,mosi
S2378,mosi_Af8D0E4ZXaw_29,mosi
S2379,chsims_test1_00000,chsims
S2380,mustard_2_280,mustard
S2381,iemocap_Ses02F_script03_2_M006,iemocap
S2382,chsims_video_0035_0013,chsims
S2383,iemocap_Ses02M_script01_1_M008,iemocap
S2384,iemocap_Ses03M_impro03_F030,iemocap
S2385,iemocap_Ses03F_impro04_F013,iemocap
S2386,meld_dia541_utt15,meld
S2387,chsims_video_0023_0053,chsims
S2388,chsims_video_0048_0027,chsims
S2389,iemocap_Ses03M_impro02_M020,iemocap
S2390,iemocap_Ses02F_script03_2_M007,iemocap
S2391,iemocap_Ses05M_impro07_F005,iemocap
S2392,meld_dia62_utt1,meld
S2393,chsims_video_0041_0015,chsims
S2394,chsims_video_0013_0022,chsims
S2395,mosi_1DmNV9C1hbY_11,mosi
S2396,meld_dia546_utt1,meld
S2397,meld_dia1000_utt2,meld
S2398,meld_dia840_utt10,meld
S2399,mustard_1_3660,mustard
S2400,iemocap_Ses01M_script01_3_M039,iemocap
S2401,chsims_video_0044_0006,chsims
S2402,meld_dia120_utt4,meld
S2403,mosi_f_pcplsH_V0_15,mosi
S2404,meld_dia902_utt15,meld
S2405,iemocap_Ses04F_impro08_F020,iemocap
S2406,chsims_aqgy4_0005_00046,chsims
S2407,chsims_test12_00024,chsims
S2408,iemocap_Ses01F_impro07_F001,iemocap
S2409,chsims_video_0053_0006,chsims
S2410,mosi_yvsjCA6Y5Fc_18,mosi
S2411,iemocap_Ses01M_script02_2_F015,iemocap
S2412,iemocap_Ses04F_script01_2_F019,iemocap
S2413,iemocap_Ses01F_script02_2_F016,iemocap
S2414,mosi_7JsX8y1ysxY_15,mosi
S2415,iemocap_Ses05M_script01_3_M020,iemocap
S2416,meld_dia819_utt14,meld
S2417,mustard_2_1,mustard
S2418,chsims_video_0016_0039,chsims
S2419,meld_dia730_utt5,meld
S2420,mustard_2_341,mustard
S2421,chsims_aqgy5_0009_00037,chsims
S2422,meld_dia665_utt16,meld
S2423,mustard_1_5211,mustard
S2424,iemocap_Ses03F_script02_2_M030,iemocap
S2425,meld_dia199_utt11,meld
S2426,chsims_aqgy5_0005_00025,chsims
S2427,chsims_aqgy4_0012_00002,chsims
S2428,mosi_d6hH302o4v8_18,mosi
S2429,mosi_VbQk4H8hgr0_48,mosi
S2430,iemocap_Ses01F_script01_1_F037,iemocap
S2431,mosi_wMbj6ajWbic_5,mosi
S2432,chsims_video_0010_0006,chsims
S2433,chsims_aqgy4_0001_00023,chsims
S2434,chsims_video_0011_0027,chsims
S2435,meld_dia969_utt6,meld
S2436,mosi_rnaNMUZpvvg_2,mosi
S2437,chsims_video_0024_0102,chsims
S2438,mosi_VbQk4H8hgr0_46,mosi
S2439,meld_dia365_utt3,meld
S2440,meld_dia199_utt5,meld
S2441,chsims_video_0016_0014,chsims
S2442,mosi_BioHAh1qJAQ_30,mosi
S2443,meld_dia1033_utt1,meld
S2444,meld_dia474_utt0,meld
S2445,mosi_1iG0909rllw_29,mosi
S2446,meld_dia655_utt15,meld
S2447,iemocap_Ses01F_script03_1_M025,iemocap
S2448,chsims_video_0001_0012,chsims
S2449,iemocap_Ses03F_script02_1_M014,iemocap
S2450,mosi_7JsX8y1ysxY_7,mosi
S2451,mosi_cM3Yna7AavY_6,mosi
S2452,iemocap_Ses02M_script03_2_F037,iemocap
S2453,meld_dia138_utt5,meld
S2454,chsims_aqgy5_0017_00017,chsims
S2455,chsims_video_0025_0003,chsims
S2456,chsims_video_0029_0021,chsims
S2457,mustard_1_9972,mustard
S2458,chsims_aqgy5_0031_00056,chsims
S2459,meld_dia553_utt4,meld
S2460,chsims_video_0056_0036,chsims
S2461,mustard_1_1560,mustard
S2462,iemocap_Ses05F_impro06_F014,iemocap
S2463,mosi_IumbAb8q2dM_6,mosi
S2464,iemocap_Ses01F_script02_2_M044,iemocap
S2465,chsims_aqgy5_0014_00037,chsims
S2466,chsims_video_0015_0014,chsims
S2467,mustard_2_581,mustard
S2468,iemocap_Ses03F_script01_1_F026,iemocap
S2469,iemocap_Ses02M_script02_2_F011,iemocap
S2470,chsims_video_0056_0075,chsims
S2471,chsims_video_0003_0004,chsims
S2472,mosi_jUzDDGyPkXU_22,mosi
S2473,mustard_2_197,mustard
S2474,chsims_video_0056_0009,chsims
S2475,mosi_PZ-lDQFboO8_1,mosi
S2476,mosi_zhpQhgha_KU_20,mosi
S2477,iemocap_Ses01F_impro03_M024,iemocap
S2478,chsims_aqgy5_0007_00034,chsims
S2479,iemocap_Ses04F_script02_2_M031,iemocap
S2480,meld_dia279_utt15,meld
S2481,iemocap_Ses05F_script01_3_M038,iemocap
S2482,mosi_6Egk_28TtTM_10,mosi
S2483,mosi_9T9Hf74oK10_2,mosi
S2484,meld_dia619_utt0,meld
S2485,meld_dia379_utt1,meld
S2486,iemocap_Ses04M_script02_2_F008,iemocap
S2487,chsims_video_0054_0031,chsims
S2488,iemocap_Ses04F_impro02_F002,iemocap
S2489,meld_dia244_utt4,meld
S2490,chsims_test6_00004,chsims
S2491,meld_dia250_utt3,meld
S2492,meld_dia438_utt8,meld
S2493,chsims_video_0056_0051,chsims
S2494,iemocap_Ses04F_script03_1_F017,iemocap
S2495,iemocap_Ses03F_impro08_M008,iemocap
S2496,iemocap_Ses03M_script02_2_M004,iemocap
S2497,mosi_Clx4VXItLTE_3,mosi
S2498,iemocap_Ses05M_script03_2_M003,iemocap
S2499,meld_dia516_utt4,meld
S2500,iemocap_Ses04M_impro08_F007,iemocap
S2501,iemocap_Ses01M_script03_1_M030,iemocap
S2502,meld_dia666_utt2,meld
S2503,mosi_cW1FSBF59ik_1,mosi
S2504,meld_dia717_utt11,meld
S2505,meld_dia319_utt3,meld
S2506,mosi_W8NXH0Djyww_29,mosi
S2507,iemocap_Ses01M_script02_1_F005,iemocap
S2508,iemocap_Ses03F_impro06_F010,iemocap
S2509,mosi_9J25DZhivz8_22,mosi
S2510,meld_dia978_utt0,meld
S2511,chsims_aqgy4_0010_00016,chsims
S2512,meld_dia804_utt3,meld
S2513,chsims_video_0014_0029,chsims
S2514,meld_dia615_utt10,meld
S2515,meld_dia95_utt14,meld
S2516,chsims_video_0054_0061,chsims
S2517,meld_dia337_utt17,meld
S2518,meld_dia468_utt0,meld
S2519,iemocap_Ses03M_impro05a_M017,iemocap
S2520,mosi_zhpQhgha_KU_13,mosi
S2521,chsims_aqgy5_0006_00034,chsims
S2522,mosi_G6GlGvlkxAQ_8,mosi
S2523,iemocap_Ses01F_impro01_F010,iemocap
S2524,mosi_Qr1Ca94K55A_9,mosi
S2525,iemocap_Ses05M_script01_1_M022,iemocap
S2526,iemocap_Ses02F_script01_1_F031,iemocap
S2527,chsims_video_0056_0081,chsims
S2528,mustard_1_1549,mustard
S2529,chsims_video_0055_0029,chsims
S2530,meld_dia657_utt2,meld
S2531,mustard_1_6221,mustard
S2532,chsims_aqgy5_0022_00017,chsims
S2533,meld_dia26_utt5,meld
S2534,mustard_2_50,mustard
S2535,meld_dia506_utt10,meld
S2536,iemocap_Ses05F_impro02_F022,iemocap
S2537,mosi_etzxEpPuc6I_16,mosi
S2538,iemocap_Ses03M_script01_2_F013,iemocap
S2539,mosi_OtBXNcAL_lE_16,mosi
S2540,iemocap_Ses04M_script01_1_F013,iemocap
S2541,chsims_video_0056_0080,chsims
S2542,chsims_aqgy4_0001_00051,chsims
S2543,iemocap_Ses05F_script02_2_F010,iemocap
S2544,meld_dia839_utt15,meld
S2545,meld_dia778_utt9,meld
S2546,chsims_video_0038_0042,chsims
S2547,meld_dia1025_utt12,meld
S2548,chsims_aqgy5_0031_00029,chsims
S2549,meld_dia911_utt1,meld
S2550,iemocap_Ses02M_impro01_M016,iemocap
S2551,chsims_aqgy3_0002_00020,chsims
S2552,meld_dia592_utt1,meld
S2553,meld_dia818_utt6,meld
S2554,iemocap_Ses04M_script03_1_F019,iemocap
S2555,mustard_2_87,mustard
S2556,mosi_lXPQBPVc5Cw_30,mosi
S2557,iemocap_Ses02F_impro04_M015,iemocap
S2558,iemocap_Ses05M_impro01_F013,iemocap
S2559,meld_dia180_utt11,meld
S2560,iemocap_Ses04F_impro07_M030,iemocap
S2561,meld_dia66_utt2,meld
S2562,iemocap_Ses03M_script01_3_M012,iemocap
S2563,mosi_Oz06ZWiO20M_7,mosi
S2564,meld_dia410_utt7,meld
S2565,chsims_test5_00008,chsims
S2566,chsims_video_0037_0013,chsims
S2567,mosi_G6GlGvlkxAQ_18,mosi
S2568,meld_dia524_utt11,meld
S2569,mosi_Clx4VXItLTE_28,mosi
S2570,mosi_nzpVDcQ0ywM_13,mosi
S2571,iemocap_Ses02M_script01_3_F019,iemocap
S2572,iemocap_Ses05M_script03_1_F020,iemocap
S2573,iemocap_Ses04F_impro08_M023,iemocap
S2574,iemocap_Ses01F_script03_2_F004,iemocap
S2575,iemocap_Ses04F_impro02_F019,iemocap
S2576,meld_dia457_utt11,meld
S2577,mosi_bOL9jKpeJRs_24,mosi
S2578,iemocap_Ses05M_impro02_M005,iemocap
S2579,meld_dia395_utt3,meld
S2580,iemocap_Ses02M_script02_2_M014,iemocap
S2581,chsims_video_0014_0015,chsims
S2582,meld_dia271_utt0,meld
S2583,meld_dia471_utt2,meld
S2584,meld_dia464_utt5,meld
S2585,mosi_VbQk4H8hgr0_41,mosi
S2586,iemocap_Ses05F_impro04_M020,iemocap
S2587,iemocap_Ses05M_impro05_M011,iemocap
S2588,chsims_aqgy4_0022_00001,chsims
S2589,mosi_1iG0909rllw_19,mosi
S2590,iemocap_Ses02F_impro05_F000,iemocap
S2591,mustard_2_43,mustard
S2592,meld_dia841_utt2,meld
S2593,iemocap_Ses02M_script03_2_F029,iemocap
S2594,meld_dia538_utt0,meld
S2595,meld_dia449_utt2,meld
S2596,mosi_1iG0909rllw_24,mosi
S2597,meld_dia923_utt2,meld
S2598,chsims_aqgy4_0011_00012,chsims
S2599,mosi_yvsjCA6Y5Fc_3,mosi
S2600,chsims_video_0027_0045,chsims
S2601,chsims_aqgy5_0032_00004,chsims
S2602,chsims_aqgy4_0005_00001,chsims
S2603,meld_dia893_utt14,meld
S2604,mosi_etzxEpPuc6I_3,mosi
S2605,chsims_video_0055_0016,chsims
S2606,meld_dia246_utt0,meld
S2607,iemocap_Ses02M_impro02_M009,iemocap
S2608,mosi_bOL9jKpeJRs_23,mosi
S2609,mosi_nzpVDcQ0ywM_22,mosi
S2610,mosi_tIrG4oNLFzE_16,mosi
S2611,mosi_aiEXnCPZubE_8,mosi
S2612,mosi_LSi-o-IrDMs_13,mosi
S2613,meld_dia639_utt10,meld
S2614,meld_dia839_utt1,meld
S2615,chsims_video_0051_0044,chsims
S2616,chsims_video_0059_0002,chsims
S2617,chsims_video_0015_0035,chsims
S2618,iemocap_Ses02F_impro03_M004,iemocap
S2619,chsims_aqgy5_0007_00033,chsims
S2620,iemocap_Ses01M_impro06_F017,iemocap
S2621,mosi_wMbj6ajWbic_9,mosi
S2622,mosi_03bSnISJMiM_7,mosi
S2623,iemocap_Ses05F_impro04_F001,iemocap
S2624,chsims_video_0046_0015,chsims
S2625,meld_dia938_utt8,meld
S2626,chsims_aqgy5_0024_00016,chsims
S2627,meld_dia861_utt2,meld
S2628,mustard_1_5058,mustard
S2629,iemocap_Ses01M_impro07_F019,iemocap
S2630,chsims_aqgy5_0008_00019,chsims
S2631,chsims_aqgy5_0027_00027,chsims
S2632,iemocap_Ses05M_impro05_F017,iemocap
S2633,mosi_tStelxIAHjw_9,mosi
S2634,chsims_video_0042_0006,chsims
S2635,chsims_aqgy5_0011_00007,chsims
S2636,iemocap_Ses01F_impro07_M006,iemocap
S2637,chsims_video_0053_0049,chsims
S2638,chsims_aqgy5_0009_00003,chsims
S2639,meld_dia287_utt3,meld
S2640,meld_dia728_utt11,meld
S2641,chsims_video_0024_0074,chsims
S2642,chsims_aqgy3_0005_00030,chsims
S2643,meld_dia919_utt0,meld
S2644,meld_dia704_utt3,meld
S2645,meld_dia842_utt3,meld
S2646,chsims_video_0054_0128,chsims
S2647,chsims_video_0006_0007,chsims
S2648,meld_dia910_utt5,meld
S2649,meld_dia204_utt6,meld
S2650,iemocap_Ses01M_script01_2_M005,iemocap
S2651,mosi_Af8D0E4ZXaw_24,mosi
S2652,meld_dia574_utt16,meld
S2653,chsims_video_0032_0008,chsims
S2654,mosi_zhpQhgha_KU_4,mosi
S2655,iemocap_Ses04F_script01_3_F003,iemocap
S2656,iemocap_Ses03F_impro07_M020,iemocap
S2657,mustard_1_12202,mustard
S2658,mustard_1_5919,mustard
S2659,mosi_BvYR0L6f2Ig_21,mosi
S2660,mosi_VCslbP0mgZI_14,mosi
S2661,iemocap_Ses03M_script03_2_M022,iemocap
S2662,mustard_2_73,mustard
S2663,chsims_csbgs2_0001_00032,chsims
S2664,chsims_aqgy5_0027_00030,chsims
S2665,iemocap_Ses02M_impro08_M002,iemocap
S2666,meld_dia957_utt1,meld
S2667,mosi_Njd1F0vZSm4_7,mosi
S2668,meld_dia621_utt3,meld
S2669,iemocap_Ses05M_impro03_M003,iemocap
S2670,chsims_aqgy5_0021_00007,chsims
S2671,iemocap_Ses01M_script01_1_M040,iemocap
S2672,chsims_video_0010_0025,chsims
S2673,iemocap_Ses01M_script02_1_M006,iemocap
S2674,mosi_d6hH302o4v8_41,mosi
S2675,iemocap_Ses03M_impro05a_M012,iemocap
S2676,mustard_1_1678,mustard
S2677,chsims_aqgy5_0007_00019,chsims
S2678,iemocap_Ses03F_script02_2_F036,iemocap
S2679,chsims_video_0029_0019,chsims
S2680,meld_dia588_utt4,meld
S2681,meld_dia200_utt9,meld
S2682,meld_dia151_utt15,meld
S2683,meld_dia572_utt8,meld
S2684,meld_dia429_utt4,meld
S2685,chsims_video_0059_0005,chsims
S2686,meld_dia66_utt9,meld
S2687,meld_dia392_utt5,meld
S2688,chsims_aqgy4_0020_00013,chsims
S2689,iemocap_Ses02F_script03_1_F004,iemocap
S2690,mustard_2_574,mustard
S2691,iemocap_Ses01M_impro06_M010,iemocap
S2692,mustard_1_3069,mustard
S2693,mustard_1_10829,mustard
S2694,meld_dia306_utt2,meld
S2695,mosi_VbQk4H8hgr0_37,mosi
S2696,mosi_2WGyTLYerpo_32,mosi
S2697,mosi_bOL9jKpeJRs_21,mosi
S2698,chsims_video_0025_0016,chsims
S2699,iemocap_Ses02F_impro05_M010,iemocap
S2700,meld_dia976_utt12,meld
S2701,chsims_video_0013_0033,chsims
S2702,meld_dia317_utt1,meld
S2703,chsims_aqgy5_0031_00014,chsims
S2704,iemocap_Ses03M_script03_1_F029,iemocap
S2705,meld_dia832_utt14,meld
S2706,iemocap_Ses02F_script02_1_F004,iemocap
S2707,mosi_d6hH302o4v8_28,mosi
S2708,iemocap_Ses01M_script01_3_M043,iemocap
S2709,iemocap_Ses03M_impro08a_F024,iemocap
S2710,chsims_test5_00003,chsims
S2711,chsims_aqgy3_0006_00008,chsims
S2712,meld_dia241_utt4,meld
S2713,iemocap_Ses01F_script02_1_F018,iemocap
S2714,chsims_video_0035_0028,chsims
S2715,chsims_aqgy5_0007_00025,chsims
S2716,meld_dia264_utt1,meld
S2717,mosi_cW1FSBF59ik_4,mosi
S2718,iemocap_Ses02M_impro08_F004,iemocap
S2719,mustard_1_8827,mustard
S2720,chsims_video_0009_0032,chsims
S2721,chsims_video_0060_0036,chsims
S2722,meld_dia219_utt7,meld
S2723,meld_dia689_utt6,meld
S2724,meld_dia841_utt9,meld
S2725,iemocap_Ses03M_script02_2_M015,iemocap
S2726,iemocap_Ses03M_impro03_F020,iemocap
S2727,meld_dia455_utt8,meld
S2728,meld_dia504_utt5,meld
S2729,mosi_9qR7uwkblbs_13,mosi
S2730,iemocap_Ses01F_script03_1_M036,iemocap
S2731,meld_dia741_utt0,meld
S2732,chsims_csbgs2_0001_00011,chsims
S2733,meld_dia960_utt0,meld
S2734,chsims_video_0001_0014,chsims
S2735,iemocap_Ses02M_impro02_F011,iemocap
S2736,chsims_video_xjzw_00067,chsims
S2737,mustard_2_227,mustard
S2738,meld_dia949_utt6,meld
S2739,iemocap_Ses02M_script01_1_M040,iemocap
S2740,chsims_video_0040_0051,chsims
S2741,chsims_video_0006_0022,chsims
S2742,chsims_video_0045_0059,chsims
S2743,chsims_aqgy5_0009_00000,chsims
S2744,meld_dia210_utt5,meld
S2745,chsims_aqgy4_0012_00041,chsims
S2746,iemocap_Ses04F_script01_3_F014,iemocap
S2747,meld_dia496_utt13,meld
S2748,iemocap_Ses02M_script03_1_M005,iemocap
S2749,iemocap_Ses05M_script03_1_M015,iemocap
S2750,iemocap_Ses02F_script02_2_M018,iemocap
S2751,iemocap_Ses03M_impro06_M020,iemocap
S2752,mosi_GWuJjcEuzt8_11,mosi
S2753,meld_dia73_utt1,meld
S2754,iemocap_Ses03F_script03_2_M005,iemocap
S2755,meld_dia918_utt7,meld
S2756,chsims_aqgy5_0036_00003,chsims
S2757,chsims_video_0045_0091,chsims
S2758,chsims_video_0046_0064,chsims
S2759,iemocap_Ses03F_script01_3_F012,iemocap
S2760,mustard_1_12331,mustard
S2761,iemocap_Ses02F_script01_1_M030,iemocap
S2762,chsims_aqgy3_0005_00018,chsims
S2763,iemocap_Ses03M_impro01_F019,iemocap
S2764,iemocap_Ses01M_script03_2_F006,iemocap
S2765,mustard_1_1001,mustard
S2766,meld_dia231_utt9,meld
S2767,mustard_2_74,mustard
S2768,meld_dia361_utt3,meld
S2769,chsims_video_0056_0089,chsims
S2770,mosi_phBUpBr1hSo_5,mosi
S2771,mustard_1_6504,mustard
S2772,meld_dia54_utt16,meld
S2773,iemocap_Ses01F_impro02_F003,iemocap
S2774,chsims_aqgy5_0013_00022,chsims
S2775,meld_dia762_utt2,meld
S2776,chsims_aqgy5_0015_00023,chsims
S2777,iemocap_Ses03M_script01_1_F015,iemocap
S2778,mustard_1_672,mustard
S2779,iemocap_Ses03M_impro02_F013,iemocap
S2780,meld_dia379_utt4,meld
S2781,chsims_video_0026_0003,chsims
S2782,iemocap_Ses04F_script03_2_F027,iemocap
S2783,iemocap_Ses02M_impro06_M006,iemocap
S2784,iemocap_Ses05M_script01_3_M009,iemocap
S2785,chsims_aqgy5_0007_00040,chsims
S2786,mustard_1_1180,mustard
S2787,meld_dia258_utt4,meld
S2788,meld_dia976_utt9,meld
S2789,meld_dia206_utt4,meld
S2790,iemocap_Ses05F_script01_3_M009,iemocap
S2791,meld_dia673_utt7,meld
S2792,iemocap_Ses03M_impro04_F012,iemocap
S2793,meld_dia410_utt8,meld
S2794,iemocap_Ses02M_impro07_F007,iemocap
S2795,iemocap_Ses05F_impro05_M043,iemocap
S2796,meld_dia634_utt3,meld
S2797,mosi_yDtzw_Y-7RU_20,mosi
S2798,chsims_aqgy4_0017_00012,chsims
S2799,meld_dia791_utt6,meld
S2800,chsims_video_0036_0021,chsims
S2801,meld_dia247_utt0,meld
S2802,iemocap_Ses03M_script03_1_M021,iemocap
S2803,iemocap_Ses03M_impro01_F023,iemocap
S2804,chsims_aqgy5_0005_00017,chsims
S2805,mosi_G6GlGvlkxAQ_14,mosi
S2806,chsims_video_0012_0046,chsims
S2807,iemocap_Ses05F_script03_1_M026,iemocap
S2808,iemocap_Ses04M_script03_2_M054,iemocap
S2809,chsims_video_0055_0032,chsims
S2810,chsims_video_0045_0035,chsims
S2811,iemocap_Ses02M_script03_2_M006,iemocap
S2812,chsims_aqgy5_0014_00044,chsims
S2813,mosi_lXPQBPVc5Cw_1,mosi
S2814,chsims_aqgy5_0013_00024,chsims
S2815,iemocap_Ses01M_impro01_F015,iemocap
S2816,mustard_2_567,mustard
S2817,mosi_W8NXH0Djyww_18,mosi
S2818,chsims_aqgy4_0018_00021,chsims
S2819,meld_dia791_utt1,meld
S2820,chsims_aqgy5_0005_00021,chsims
S2821,iemocap_Ses02F_impro02_F011,iemocap
S2822,chsims_video_0020_0009,chsims
S2823,iemocap_Ses02F_impro02_F008,iemocap
S2824,mosi_yvsjCA6Y5Fc_13,mosi
S2825,mosi_HEsqda8_d0Q_4,mosi
S2826,mosi_lXPQBPVc5Cw_4,mosi
S2827,iemocap_Ses01M_script02_1_M024,iemocap
S2828,iemocap_Ses05F_script03_2_M040,iemocap
S2829,meld_dia163_utt4,meld
S2830,meld_dia367_utt4,meld
S2831,meld_dia304_utt6,meld
S2832,iemocap_Ses05F_script01_1_M021,iemocap
S2833,chsims_video_0046_0021,chsims
S2834,chsims_video_0016_0009,chsims
S2835,chsims_aqgy5_0024_00002,chsims
S2836,meld_dia745_utt11,meld
S2837,mosi_bvLlb-M3UXU_3,mosi
S2838,iemocap_Ses03F_impro05_F017,iemocap
S2839,iemocap_Ses05F_script03_1_F026,iemocap
S2840,chsims_video_0041_0030,chsims
S2841,iemocap_Ses02F_script03_1_F029,iemocap
S2842,iemocap_Ses03F_script01_3_F034,iemocap
S2843,meld_dia832_utt15,meld
S2844,iemocap_Ses02F_impro08_M002,iemocap
S2845,meld_dia92_utt1,meld
S2846,iemocap_Ses03F_script02_1_M042,iemocap
S2847,meld_dia429_utt3,meld
S2848,meld_dia623_utt2,meld
S2849,mustard_1_90,mustard
S2850,iemocap_Ses03M_script03_2_F011,iemocap
S2851,mustard_2_487,mustard
S2852,chsims_video_0051_0027,chsims
S2853,mosi_zhpQhgha_KU_5,mosi
S2854,chsims_video_0002_0019,chsims
S2855,iemocap_Ses05M_script03_2_M006,iemocap
S2856,iemocap_Ses02M_impro03_F014,iemocap
S2857,iemocap_Ses03F_impro02_F039,iemocap
S2858,meld_dia950_utt7,meld
S2859,meld_dia615_utt18,meld
S2860,meld_dia619_utt4,meld
S2861,meld_dia992_utt6,meld
S2862,chsims_aqgy4_0010_00023,chsims
S2863,chsims_aqgy4_0007_00008,chsims
S2864,meld_dia383_utt1,meld
S2865,chsims_aqgy4_0005_00021,chsims
S2866,iemocap_Ses03F_impro05_F006,iemocap
S2867,mosi_VbQk4H8hgr0_5,mosi
S2868,mustard_1_7722,mustard
S2869,chsims_video_0023_0020,chsims
S2870,iemocap_Ses02F_script01_3_F003,iemocap
S2871,mosi_MLal-t_vJPM_12,mosi
S2872,mustard_2_242,mustard
S2873,chsims_aqgy4_0001_00065,chsims
S2874,mustard_2_268,mustard
S2875,chsims_aqgy5_0008_00023,chsims
S2876,chsims_video_0024_0073,chsims
S2877,meld_dia389_utt7,meld
S2878,meld_dia451_utt1,meld
S2879,meld_dia697_utt6,meld
S2880,iemocap_Ses02M_script03_2_M001,iemocap
S2881,meld_dia82_utt9,meld
S2882,iemocap_Ses02F_script03_2_M017,iemocap
S2883,chsims_aqgy4_0019_00006,chsims
S2884,meld_dia483_utt6,meld
S2885,iemocap_Ses02F_script03_2_M046,iemocap
S2886,mosi_Njd1F0vZSm4_9,mosi
S2887,chsims_video_0054_0179,chsims
S2888,mosi_etzxEpPuc6I_13,mosi
S2889,meld_dia520_utt1,meld
S2890,iemocap_Ses03M_impro03_M015,iemocap
S2891,iemocap_Ses02M_impro01_M008,iemocap
S2892,meld_dia597_utt10,meld
S2893,meld_dia960_utt10,meld
S2894,chsims_video_0026_0013,chsims
S2895,meld_dia657_utt4,meld
S2896,iemocap_Ses03F_impro05_F008,iemocap
S2897,chsims_test7_00000,chsims
S2898,chsims_aqgy5_0012_00019,chsims
S2899,iemocap_Ses01M_impro03_M013,iemocap
S2900,meld_dia498_utt4,meld
S2901,meld_dia640_utt15,meld
S2902,meld_dia393_utt3,meld
S2903,mosi_MLal-t_vJPM_10,mosi
S2904,chsims_video_0037_0005,chsims
S2905,mosi_Clx4VXItLTE_15,mosi
S2906,iemocap_Ses03M_impro05b_M017,iemocap
S2907,mosi_Dg_0XKD0Mf4_7,mosi
S2908,mosi_BioHAh1qJAQ_29,mosi
S2909,iemocap_Ses03F_script02_2_M040,iemocap
S2910,iemocap_Ses04F_impro02_F018,iemocap
S2911,iemocap_Ses01M_impro01_M018,iemocap
S2912,mosi_lXPQBPVc5Cw_6,mosi
S2913,mustard_2_135,mustard
S2914,chsims_aqgy5_0020_00022,chsims
S2915,meld_dia332_utt5,meld
S2916,iemocap_Ses05M_impro02_M020,iemocap
S2917,chsims_aqgy4_0009_00026_0,chsims
S2918,chsims_video_0018_0007,chsims
S2919,chsims_test13_00010,chsims
S2920,chsims_aqgy4_0004_00014,chsims
S2921,chsims_video_0012_0037,chsims
S2922,mosi_2WGyTLYerpo_18,mosi
S2923,chsims_aqgy4_0012_00059,chsims
S2924,meld_dia114_utt2,meld
S2925,meld_dia249_utt13,meld
S2926,iemocap_Ses01M_impro07_M002,iemocap
S2927,iemocap_Ses05M_impro04_M011,iemocap
S2928,mosi_c5xsKMxpXnc_8,mosi
S2929,chsims_aqgy5_0010_00004,chsims
S2930,chsims_video_0043_0021,chsims
S2931,iemocap_Ses01F_script02_2_M036,iemocap
S2932,iemocap_Ses05M_script03_1_F019,iemocap
S2933,iemocap_Ses04F_impro04_F030,iemocap
S2934,chsims_aqgy5_0020_00004,chsims
S2935,mustard_2_114,mustard
S2936,mosi_cXypl4FnoZo_15,mosi
S2937,mustard_2_586,mustard
S2938,iemocap_Ses04F_script03_2_F040,iemocap
S2939,meld_dia885_utt4,meld
S2940,chsims_aqgy4_0010_00022,chsims
S2941,meld_dia94_utt15,meld
S2942,chsims_video_0041_0031,chsims
S2943,chsims_aqgy3_0007_00001,chsims
S2944,iemocap_Ses02F_impro02_M003,iemocap
S2945,iemocap_Ses02F_impro02_F009,iemocap
S2946,meld_dia679_utt5,meld
S2947,chsims_video_xjzw_00009,chsims
S2948,chsims_aqgy5_0015_00020,chsims
S2949,mustard_1_1003,mustard
S2950,mosi_c5xsKMxpXnc_3,mosi
S2951,chsims_video_xjzw_00060,chsims
S2952,iemocap_Ses02F_impro08_M001,iemocap
S2953,meld_dia12_utt6,meld
S2954,chsims_aqgy5_0008_00003,chsims
S2955,mosi_bvLlb-M3UXU_18,mosi
S2956,mosi_Qr1Ca94K55A_5,mosi
S2957,iemocap_Ses04M_impro07_F002,iemocap
S2958,meld_dia172_utt5,meld
S2959,chsims_aqgy3_0001_00006,chsims
S2960,meld_dia560_utt5,meld
S2961,meld_dia720_utt13,meld
S2962,iemocap_Ses03F_script01_1_F048,iemocap
S2963,iemocap_Ses04M_impro01_F018,iemocap
S2964,mosi_7JsX8y1ysxY_5,mosi
S2965,meld_dia733_utt10,meld
S2966,mosi_c7UH_rxdZv4_9,mosi
S2967,iemocap_Ses02M_script03_2_M025,iemocap
S2968,iemocap_Ses04M_impro02_F016,iemocap
S2969,chsims_video_0055_0022,chsims
S2970,chsims_aqgy5_0027_00001,chsims
S2971,iemocap_Ses03F_script01_1_F003,iemocap
S2972,meld_dia1016_utt11,meld
S2973,iemocap_Ses04M_script02_2_F029,iemocap
S2974,iemocap_Ses05M_impro06_M002,iemocap
S2975,chsims_aqgy5_0002_00015,chsims
S2976,mustard_1_5169,mustard
S2977,meld_dia833_utt6,meld
S2978,mustard_2_612,mustard
S2979,mosi_OtBXNcAL_lE_19,mosi
S2980,meld_dia967_utt3,meld
S2981,mosi_MLal-t_vJPM_1,mosi
S2982,chsims_aqgy5_0028_00045,chsims
S2983,meld_dia1_utt1,meld
S2984,chsims_aqgy5_0018_00003,chsims
S2985,chsims_video_0058_0012,chsims
S2986,chsims_video_0023_0048,chsims
S2987,meld_dia727_utt1,meld
S2988,chsims_aqgy4_0012_00052,chsims
S2989,iemocap_Ses01M_impro05_F007,iemocap
S2990,chsims_aqgy5_0028_00021,chsims
S2991,meld_dia665_utt1,meld
S2992,iemocap_Ses02M_impro01_M007,iemocap
S2993,mosi_Nzq88NnDkEk_23,mosi
S2994,mustard_2_248,mustard
S2995,chsims_aqgy4_0002_00010,chsims
S2996,mosi_1iG0909rllw_20,mosi
S2997,meld_dia270_utt0,meld
S2998,meld_dia62_utt11,meld
S2999,iemocap_Ses02M_script01_1_M009,iemocap
S3000,mosi_Clx4VXItLTE_9,mosi
S3001,meld_dia861_utt7,meld
S3002,mosi_zhpQhgha_KU_26,mosi
S3003,chsims_aqgy4_0003_00005,chsims
S3004,chsims_aqgy3_0002_00015,chsims
S3005,meld_dia1013_utt2,meld
S3006,iemocap_Ses01M_script01_2_M001,iemocap
S3007,chsims_aqgy5_0015_00006,chsims
S3008,meld_dia666_utt9,meld
S3009,chsims_video_0055_0007,chsims
S3010,meld_dia610_utt6,meld
S3011,meld_dia865_utt1,meld
S3012,meld_dia179_utt19,meld
S3013,mustard_1_1798,mustard
S3014,iemocap_Ses02F_script02_1_M021,iemocap
S3015,iemocap_Ses05M_script01_1_M020,iemocap
S3016,meld_dia51_utt8,meld
S3017,meld_dia648_utt5,meld
S3018,mustard_1_7395,mustard
S3019,mustard_1_2616,mustard
S3020,meld_dia249_utt11,meld
S3021,iemocap_Ses03F_impro05_F004,iemocap
S3022,iemocap_Ses04F_script03_1_M028,iemocap
S3023,iemocap_Ses03M_impro03_M029,iemocap
S3024,chsims_aqgy5_0024_00003,chsims
S3025,mosi_8OtFthrtaJM_7,mosi
S3026,iemocap_Ses01M_impro03_M007,iemocap
S3027,mosi_d6hH302o4v8_21,mosi
S3028,iemocap_Ses02M_impro02_M018,iemocap
S3029,mosi_9qR7uwkblbs_7,mosi
S3030,iemocap_Ses02F_script03_1_F017,iemocap
S3031,iemocap_Ses02M_impro04_F005,iemocap
S3032,iemocap_Ses05F_impro07_F000,iemocap
S3033,iemocap_Ses05M_impro06_M019,iemocap
S3034,meld_dia355_utt2,meld
S3035,chsims_aqgy4_0001_00067,chsims
S3036,iemocap_Ses04F_script03_1_M029,iemocap
S3037,meld_dia193_utt5,meld
S3038,meld_dia926_utt5,meld
S3039,meld_dia803_utt0,meld
S3040,iemocap_Ses02M_script03_1_F020,iemocap
S3041,mustard_2_512,mustard
S3042,chsims_aqgy3_0003_00004,chsims
S3043,iemocap_Ses05M_impro05_F019,iemocap
S3044,chsims_video_0034_0008,chsims
S3045,mustard_1_7575,mustard
S3046,iemocap_Ses02M_impro05_M026,iemocap
S3047,chsims_video_0001_0018,chsims
S3048,chsims_video_0045_0083,chsims
S3049,chsims_video_0048_0006,chsims
S3050,mosi_aiEXnCPZubE_14,mosi
S3051,iemocap_Ses02M_script01_1_M032,iemocap
S3052,chsims_video_0001_0003,chsims
S3053,iemocap_Ses02M_script01_1_M034,iemocap
S3054,meld_dia633_utt4,meld
S3055,meld_dia649_utt12,meld
S3056,chsims_aqgy5_0004_00015,chsims
S3057,meld_dia918_utt6,meld
S3058,meld_dia67_utt6,meld
S3059,chsims_aqgy4_0008_00037,chsims
S3060,meld_dia358_utt11,meld
S3061,chsims_aqgy4_0021_00000,chsims
S3062,iemocap_Ses02M_script01_1_M027,iemocap
S3063,chsims_csbgs2_0002_00005,chsims
S3064,meld_dia649_utt6,meld
S3065,mosi_zhpQhgha_KU_3,mosi
S3066,iemocap_Ses02M_script01_1_M007,iemocap
S3067,iemocap_Ses05M_impro01_F014,iemocap
S3068,mosi_73jzhE8R1TQ_5,mosi
S3069,meld_dia622_utt4,meld
S3070,meld_dia175_utt10,meld
S3071,iemocap_Ses02M_impro03_M017,iemocap
S3072,meld_dia336_utt18,meld
S3073,meld_dia445_utt17,meld
S3074,mosi_OtBXNcAL_lE_22,mosi
S3075,chsims_video_0058_0002,chsims
S3076,mosi_aiEXnCPZubE_2,mosi
S3077,iemocap_Ses01F_script03_1_F027,iemocap
S3078,chsims_video_0040_0008,chsims
S3079,iemocap_Ses04M_impro03_M005,iemocap
S3080,chsims_aqgy4_0011_00002,chsims
S3081,mustard_1_6113,mustard
S3082,meld_dia81_utt6,meld
S3083,chsims_aqgy5_0021_00016,chsims
S3084,chsims_aqgy4_0011_00011,chsims
S3085,mustard_1_533,mustard
S3086,meld_dia388_utt4,meld
S3087,chsims_video_0054_0075,chsims
S3088,meld_dia176_utt2,meld
S3089,chsims_aqgy3_0006_00006,chsims
S3090,iemocap_Ses01M_impro07_M023,iemocap
S3091,chsims_aqgy5_0001_00000,chsims
S3092,iemocap_Ses03F_impro06_F029,iemocap
S3093,chsims_aqgy5_0006_00008,chsims
S3094,chsims_video_0056_0084,chsims
S3095,meld_dia390_utt0,meld
S3096,mosi_zhpQhgha_KU_7,mosi
S3097,chsims_video_0040_0029,chsims
S3098,chsims_video_0047_0038,chsims
S3099,mustard_1_11177,mustard
S3100,iemocap_Ses03M_script01_1_F010,iemocap
S3101,meld_dia614_utt16,meld
S3102,iemocap_Ses03M_script02_2_F007,iemocap
S3103,mustard_1_7400,mustard
S3104,meld_dia854_utt1,meld
S3105,iemocap_Ses05F_impro03_F020,iemocap
S3106,chsims_video_0053_0025,chsims
S3107,iemocap_Ses02M_script03_2_M043,iemocap
S3108,mustard_1_10462,mustard
S3109,mosi_rnaNMUZpvvg_3,mosi
S3110,chsims_video_0060_0025,chsims
S3111,chsims_aqgy4_0001_00049,chsims
S3112,iemocap_Ses03F_impro03_M000,iemocap
S3113,meld_dia616_utt1,meld
S3114,mosi_c7UH_rxdZv4_7,mosi
S3115,iemocap_Ses01M_script01_1_M009,iemocap
S3116,meld_dia758_utt0,meld
S3117,chsims_aqgy5_0016_00032,chsims
S3118,iemocap_Ses02F_script03_2_F025,iemocap
S3119,iemocap_Ses03M_script01_3_F018,iemocap
S3120,mustard_1_276,mustard
S3121,mosi_BvYR0L6f2Ig_7,mosi
S3122,mosi_MLal-t_vJPM_13,mosi
S3123,iemocap_Ses05F_script03_2_M019,iemocap
S3124,chsims_video_0058_0014,chsims
S3125,chsims_video_0040_0054,chsims
S3126,mosi_73jzhE8R1TQ_16,mosi
S3127,mosi_7JsX8y1ysxY_14,mosi
S3128,iemocap_Ses05F_script03_1_F025,iemocap
S3129,iemocap_Ses03M_impro08b_F012,iemocap
S3130,meld_dia354_utt0,meld
S3131,mustard_1_6355,mustard
S3132,iemocap_Ses01F_impro05_F016,iemocap
S3133,mosi_WKA5OygbEKI_19,mosi
S3134,iemocap_Ses05M_impro07_M019,iemocap
S3135,iemocap_Ses05M_script03_1_M005,iemocap
S3136,meld_dia940_utt3,meld
S3137,mosi_iiK8YX8oH1E_11,mosi
S3138,iemocap_Ses01F_script03_2_M025,iemocap
S3139,meld_dia125_utt0,meld
S3140,meld_dia124_utt5,meld
S3141,iemocap_Ses05M_script03_2_M045,iemocap
S3142,mosi_Bfr499ggo-0_11,mosi
S3143,mustard_1_2198,mustard
S3144,mustard_2_372,mustard
S3145,meld_dia199_utt10,meld
S3146,iemocap_Ses04M_impro02_F006,iemocap
S3147,iemocap_Ses03M_script02_1_M042,iemocap
S3148,iemocap_Ses05F_impro03_M019,iemocap
S3149,chsims_aqgy4_0012_00003,chsims
S3150,iemocap_Ses04M_script02_2_F032,iemocap
S3151,meld_dia520_utt2,meld
S3152,iemocap_Ses01F_script01_1_F036,iemocap
S3153,chsims_aqgy5_0008_00006,chsims
S3154,mosi_POKffnXeBds_11,mosi
S3155,mosi_rnaNMUZpvvg_14,mosi
S3156,chsims_video_0054_0032,chsims
S3157,chsims_aqgy5_0031_00015,chsims
S3158,iemocap_Ses01M_script02_2_F038,iemocap
S3159,meld_dia306_utt3,meld
S3160,chsims_video_0028_0023,chsims
S3161,mosi_lXPQBPVc5Cw_27,mosi
S3162,chsims_video_0046_0054,chsims
S3163,iemocap_Ses02M_script02_2_M005,iemocap
S3164,iemocap_Ses04F_script02_1_F002,iemocap
S3165,iemocap_Ses05F_script03_2_M016,iemocap
S3166,meld_dia114_utt4,meld
S3167,iemocap_Ses03M_script02_2_F033,iemocap
S3168,iemocap_Ses01F_script03_1_M030,iemocap
S3169,meld_dia46_utt9,meld
S3170,meld_dia814_utt2,meld
S3171,iemocap_Ses04M_impro02_F015,iemocap
S3172,iemocap_Ses02F_script03_2_F036,iemocap
S3173,meld_dia1027_utt3,meld
S3174,chsims_video_0046_0051,chsims
S3175,chsims_aqgy4_0004_00004,chsims
S3176,chsims_video_0019_0014,chsims
S3177,iemocap_Ses01M_script03_2_F003,iemocap
S3178,iemocap_Ses04M_script01_1_F029,iemocap
S3179,iemocap_Ses05M_script03_2_F000,iemocap
S3180,chsims_aqgy5_0008_00032,chsims
S3181,meld_dia193_utt4,meld
S3182,iemocap_Ses03F_script01_3_M038,iemocap
S3183,chsims_video_0059_0009,chsims
S3184,iemocap_Ses03F_script01_3_M039,iemocap
S3185,iemocap_Ses01F_script01_3_F008,iemocap
S3186,meld_dia574_utt8,meld
S3187,meld_dia252_utt17,meld
S3188,iemocap_Ses02M_impro07_M021,iemocap
S3189,meld_dia241_utt9,meld
S3190,iemocap_Ses03M_impro01_M014,iemocap
S3191,meld_dia804_utt8,meld
S3192,meld_dia448_utt10,meld
S3193,meld_dia813_utt5,meld
S3194,mustard_1_4995,mustard
S3195,iemocap_Ses02F_impro07_M002,iemocap
S3196,iemocap_Ses04M_script02_2_F036,iemocap
S3197,chsims_aqgy4_0018_00009,chsims
S3198,meld_dia664_utt2,meld
S3199,chsims_video_0015_0041,chsims
S3200,chsims_aqgy5_0025_00026,chsims
S3201,iemocap_Ses04F_impro03_M026,iemocap
S3202,mustard_2_124,mustard
S3203,chsims_video_0051_0032,chsims
S3204,chsims_video_0024_0079,chsims
S3205,iemocap_Ses04F_impro08_M003,iemocap
S3206,meld_dia509_utt16,meld
S3207,iemocap_Ses04M_impro07_F000,iemocap
S3208,meld_dia446_utt13,meld
S3209,mosi_jUzDDGyPkXU_26,mosi
S3210,iemocap_Ses05F_script03_1_F028,iemocap
S3211,chsims_aqgy5_0008_00010,chsims
S3212,iemocap_Ses05F_impro02_M016,iemocap
S3213,meld_dia264_utt6,meld
S3214,chsims_video_0047_0060,chsims
S3215,meld_dia54_utt1,meld
S3216,iemocap_Ses05M_impro03_F025,iemocap
S3217,iemocap_Ses05M_script03_2_M035,iemocap
S3218,mustard_2_575,mustard
S3219,iemocap_Ses05M_impro08_F004,iemocap
S3220,iemocap_Ses05M_script02_2_F010,iemocap
S3221,mustard_1_5758,mustard
S3222,chsims_video_0054_0120,chsims
S3223,iemocap_Ses03F_script01_3_F028,iemocap
S3224,chsims_aqgy5_0022_00015,chsims
S3225,mosi_VCslbP0mgZI_4,mosi
S3226,iemocap_Ses05M_script03_1_M014,iemocap
S3227,meld_dia326_utt3,meld
S3228,mosi_I5y0__X72p0_13,mosi
S3229,meld_dia936_utt7,meld
S3230,meld_dia80_utt2,meld
S3231,chsims_video_0010_0007,chsims
S3232,meld_dia187_utt7,meld
S3233,chsims_video_0040_0007,chsims
S3234,chsims_video_0034_0009,chsims
S3235,mosi_7JsX8y1ysxY_38,mosi
S3236,iemocap_Ses02F_script02_2_M014,iemocap
S3237,chsims_aqgy5_0014_00045,chsims
S3238,chsims_video_0014_0007,chsims
S3239,meld_dia521_utt4,meld
S3240,chsims_aqgy5_0001_00010,chsims
S3241,iemocap_Ses05F_impro03_M064,iemocap
S3242,meld_dia966_utt5,meld
S3243,mustard_1_8159,mustard
S3244,chsims_aqgy5_0025_00023,chsims
S3245,chsims_video_0040_0014,chsims
S3246,meld_dia285_utt5,meld
S3247,meld_dia589_utt6,meld
S3248,iemocap_Ses05F_script03_1_M004,iemocap
S3249,chsims_video_0054_0160,chsims
S3250,meld_dia583_utt0,meld
S3251,mosi_VCslbP0mgZI_11,mosi
S3252,chsims_aqgy5_0027_00002,chsims
S3253,meld_dia258_utt6,meld
S3254,iemocap_Ses03F_script01_3_F013,iemocap
S3255,meld_dia336_utt9,meld
S3256,iemocap_Ses02F_script03_1_F002,iemocap
S3257,chsims_aqgy4_0016_00023,chsims
S3258,chsims_aqgy4_0007_00015,chsims
S3259,meld_dia823_utt10,meld
S3260,iemocap_Ses05F_script03_1_F020,iemocap
S3261,iemocap_Ses03F_impro02_F021,iemocap
S3262,chsims_aqgy5_0011_00046,chsims
S3263,iemocap_Ses01F_script03_2_M000,iemocap
S3264,chsims_video_0046_0010,chsims
S3265,iemocap_Ses02F_script01_3_M011,iemocap
S3266,meld_dia61_utt2,meld
S3267,iemocap_Ses04F_impro03_M024,iemocap
S3268,iemocap_Ses04F_script03_1_F019,iemocap
S3269,meld_dia441_utt8,meld
S3270,meld_dia498_utt1,meld
S3271,meld_dia686_utt6,meld
S3272,chsims_video_0046_0028,chsims
S3273,chsims_aqgy4_0012_00047,chsims
S3274,meld_dia56_utt0,meld
S3275,chsims_aqgy5_0025_00021,chsims
S3276,chsims_video_0053_0037,chsims
S3277,iemocap_Ses04M_impro02_F008,iemocap
S3278,chsims_aqgy5_0018_00001,chsims
S3279,iemocap_Ses05F_impro08_M002,iemocap
S3280,meld_dia619_utt5,meld
S3281,iemocap_Ses02M_impro05_F013,iemocap
S3282,meld_dia561_utt1,meld
S3283,chsims_aqgy5_0020_00015,chsims
S3284,mosi_zhpQhgha_KU_9,mosi
S3285,meld_dia869_utt14,meld
S3286,chsims_video_0023_0008,chsims
S3287,meld_dia665_utt18,meld
S3288,chsims_aqgy5_0015_00022,chsims
S3289,iemocap_Ses03F_script02_2_M016,iemocap
S3290,meld_dia188_utt3,meld
S3291,mosi_VbQk4H8hgr0_21,mosi
S3292,meld_dia853_utt2,meld
S3293,chsims_video_0051_0057,chsims
S3294,meld_dia857_utt11,meld
S3295,chsims_video_0013_0035,chsims
S3296,meld_dia80_utt0,meld
S3297,meld_dia497_utt2,meld
S3298,meld_dia179_utt1,meld
S3299,meld_dia448_utt9,meld
S3300,chsims_test4_00001,chsims
S3301,mustard_1_971,mustard
S3302,iemocap_Ses05M_script03_1_F025,iemocap
S3303,mosi_GWuJjcEuzt8_13,mosi
S3304,mustard_2_323,mustard
S3305,chsims_aqgy5_0013_00009,chsims
S3306,mosi_cW1FSBF59ik_23,mosi
S3307,chsims_aqgy4_0008_00035,chsims
S3308,iemocap_Ses04F_impro03_F029,iemocap
S3309,meld_dia592_utt11,meld
S3310,mosi_5W7Z1C_fDaE_12,mosi
S3311,meld_dia541_utt14,meld
S3312,chsims_video_0006_0008,chsims
S3313,iemocap_Ses03M_impro08a_F031,iemocap
S3314,meld_dia598_utt0,meld
S3315,meld_dia18_utt9,meld
S3316,chsims_video_0009_0035,chsims
S3317,chsims_video_0016_0005,chsims
S3318,chsims_video_0012_0028,chsims
S3319,iemocap_Ses05F_impro03_F027,iemocap
S3320,meld_dia605_utt6,meld
S3321,iemocap_Ses02F_impro07_F028,iemocap
S3322,mosi_v0zCBqDeKcE_12,mosi
S3323,meld_dia219_utt4,meld
S3324,meld_dia204_utt13,meld
S3325,meld_dia89_utt0,meld
S3326,iemocap_Ses03F_script02_2_F047,iemocap
S3327,iemocap_Ses03F_script01_1_F001,iemocap
S3328,meld_dia941_utt11,meld
S3329,mustard_1_3649,mustard
S3330,mosi_0h-zjBukYpk_25,mosi
S3331,mosi_d6hH302o4v8_34,mosi
S3332,iemocap_Ses05M_impro02_F019,iemocap
S3333,iemocap_Ses05M_script02_2_F032,iemocap
S3334,iemocap_Ses01M_script02_2_F018,iemocap
S3335,iemocap_Ses01M_impro07_F007,iemocap
S3336,iemocap_Ses04F_script01_2_F003,iemocap
S3337,chsims_aqgy4_0016_00005,chsims
S3338,meld_dia931_utt2,meld
S3339,chsims_video_0024_0036,chsims
S3340,iemocap_Ses04F_script03_2_F035,iemocap
S3341,meld_dia506_utt7,meld
S3342,chsims_video_0026_0009,chsims
S3343,mosi_QN9ZIUWUXsY_9,mosi
S3344,iemocap_Ses02F_impro06_F001,iemocap
S3345,mosi_vyB00TXsimI_2,mosi
S3346,mustard_1_8136,mustard
S3347,meld_dia508_utt14,meld
S3348,meld_dia940_utt5,meld
S3349,meld_dia841_utt4,meld
S3350,iemocap_Ses04F_script02_2_F002,iemocap
S3351,iemocap_Ses02F_script03_1_M032,iemocap
S3352,meld_dia219_utt0,meld
S3353,mustard_1_12002,mustard
S3354,iemocap_Ses02F_script03_2_F035,iemocap
S3355,mosi_OtBXNcAL_lE_4,mosi
S3356,chsims_aqgy4_0001_00025,chsims
S3357,meld_dia504_utt12,meld
S3358,mustard_1_10009,mustard
S3359,meld_dia872_utt4,meld
S3360,mosi_Bfr499ggo-0_20,mosi
S3361,chsims_aqgy5_0013_00017,chsims
S3362,iemocap_Ses04M_script01_3_F014,iemocap
S3363,chsims_aqgy4_0001_00009,chsims
S3364,chsims_aqgy4_0012_00034,chsims
S3365,mosi_W8NXH0Djyww_7,mosi
S3366,chsims_video_0012_0016,chsims
S3367,mustard_2_158,mustard
S3368,meld_dia477_utt10,meld
S3369,meld_dia271_utt4,meld
S3370,iemocap_Ses02F_impro03_F021,iemocap
S3371,chsims_aqgy5_0014_00019,chsims
S3372,mustard_2_587,mustard
S3373,iemocap_Ses02M_impro04_M010,iemocap
S3374,meld_dia132_utt0,meld
S3375,iemocap_Ses03M_impro08b_M002,iemocap
S3376,meld_dia275_utt11,meld
S3377,chsims_csbgs2_0002_00006,chsims
S3378,chsims_test11_00011,chsims
S3379,meld_dia546_utt18,meld
S3380,mustard_1_6092,mustard
S3381,meld_dia200_utt1,meld
S3382,mosi_c7UH_rxdZv4_23,mosi
S3383,meld_dia251_utt0,meld
S3384,chsims_video_0012_0034,chsims
S3385,mosi_BioHAh1qJAQ_24,mosi
S3386,iemocap_Ses04M_impro06_F009,iemocap
S3387,chsims_aqgy5_0011_00033,chsims
S3388,iemocap_Ses02M_impro07_M003,iemocap
S3389,chsims_video_0012_0026,chsims
S3390,meld_dia832_utt11,meld
S3391,chsims_video_0046_0023,chsims
S3392,iemocap_Ses05F_impro07_M026,iemocap
S3393,mustard_2_546,mustard
S3394,iemocap_Ses01M_impro06_M015,iemocap
S3395,iemocap_Ses03F_script03_1_F012,iemocap
S3396,meld_dia374_utt13,meld
S3397,chsims_video_0054_0058,chsims
S3398,chsims_aqgy5_0031_00016,chsims
S3399,mosi_bOL9jKpeJRs_25,mosi
S3400,mustard_1_11042,mustard
S3401,meld_dia184_utt15,meld
S3402,chsims_aqgy4_0018_00012,chsims
S3403,meld_dia109_utt1,meld
S3404,meld_dia221_utt1,meld
S3405,iemocap_Ses02F_impro04_F004,iemocap
S3406,iemocap_Ses03M_script02_2_F048,iemocap
S3407,meld_dia346_utt6,meld
S3408,chsims_aqgy5_0036_00014,chsims
S3409,mosi_tmZoasNr4rU_7,mosi
S3410,mustard_1_11723,mustard
S3411,chsims_test5_00013,chsims
S3412,iemocap_Ses01F_impro05_F011,iemocap
S3413,iemocap_Ses03M_script01_1_F031,iemocap
S3414,chsims_video_0030_0036,chsims
S3415,mustard_1_11232,mustard
S3416,mosi_atnd_PF-Lbs_14,mosi
S3417,iemocap_Ses04F_script02_1_F014,iemocap
S3418,chsims_aqgy5_0012_00020,chsims
S3419,iemocap_Ses02M_impro03_M014,iemocap
S3420,meld_dia992_utt13,meld
S3421,meld_dia54_utt10,meld
S3422,chsims_video_0048_0021,chsims
S3423,mosi_Ci-AH39fi3Y_15,mosi
S3424,meld_dia480_utt3,meld
S3425,mustard_2_170,mustard
S3426,iemocap_Ses02M_impro06_M019,iemocap
S3427,meld_dia917_utt5,meld
S3428,mosi_d6hH302o4v8_23,mosi
S3429,mosi_etzxEpPuc6I_17,mosi
S3430,iemocap_Ses03M_script03_2_F043,iemocap
S3431,mosi_d6hH302o4v8_4,mosi
S3432,chsims_aqgy3_0001_00012,chsims
S3433,mustard_2_457,mustard
S3434,mosi_dq3Nf_lMPnE_8,mosi
S3435,meld_dia64_utt6,meld
S3436,iemocap_Ses03M_script02_1_M028,iemocap
S3437,mosi_7JsX8y1ysxY_37,mosi
S3438,meld_dia202_utt7,meld
S3439,meld_dia865_utt4,meld
S3440,mosi_d6hH302o4v8_1,mosi
S3441,iemocap_Ses05F_script03_2_M038,iemocap
